Workbook
Name _: #REF!
Name _: #REF!
Name ____sss111: #REF!
Name ____sss111: #REF!
Name ___SD665: #REF!
Name ___SD665: #REF!
Name ___sss111: #REF!
Name ___sss111: #REF!
Name __2k_pmos: #REF!
Name __2k_pmos: #REF!
Name __3kk_cmos: #REF!
Name __3kk_cmos: #REF!
Name __3kk_pmos: #REF!
Name __3kk_pmos: #REF!
Name __BA02: #REF!
Name __BA02: #REF!
Name __DAT1: #REF!
Name __DAT1: #REF!
Name __DAT10: #REF!
Name __DAT10: #REF!
Name __DAT11: #REF!
Name __DAT11: #REF!
Name __DAT12: #REF!
Name __DAT12: #REF!
Name __DAT13: #REF!
Name __DAT13: #REF!
Name __DAT14: #REF!
Name __DAT14: #REF!
Name __DAT15: #REF!
Name __DAT15: #REF!
Name __DAT16: #REF!
Name __DAT16: #REF!
Name __DAT17: #REF!
Name __DAT17: #REF!
Name __DAT18: #REF!
Name __DAT18: #REF!
Name __DAT2: #REF!
Name __DAT2: #REF!
Name __DAT20: #REF!
Name __DAT20: #REF!
Name __DAT21: #REF!
Name __DAT21: #REF!
Name __DAT22: #REF!
Name __DAT22: #REF!
Name __DAT23: #REF!
Name __DAT23: #REF!
Name __DAT24: #REF!
Name __DAT24: #REF!
Name __DAT25: #REF!
Name __DAT25: #REF!
Name __DAT26: #REF!
Name __DAT26: #REF!
Name __DAT27: #REF!
Name __DAT27: #REF!
Name __DAT3: #REF!
Name __DAT3: #REF!
Name __DAT4: #REF!
Name __DAT4: #REF!
Name __DAT5: #REF!
Name __DAT5: #REF!

Sheet Hisoty
B2: 본 checklist 수정시 관리자와 협의하시기 바랍니다.
B4: Version x.xx | C4: Date yyyy.mm.dd | D4: Description | E4: 관리자
B5: 2 | C5: 2011.03.19 | D5: 도면 승인, 금형/부품개발 일정, 부품승인 명확화를 위한 양식 수정 | E5: 최차림
B6: 3 | C6: 2011.03.31 | D6: 1. Q열에 부품의 변경 정도를 나타내는 "변경 Level" 항목 추가하고, 정의함. 2. 변경 Level이 3이상인 경우는 Base design 검토 결과를 반영하도록 "Base design" work sheet 반영 | E6: 최차림
B7: 3.1 | C7: 2014.11.20 | D7: 인쇄물 변경 여부 추가 | E7: 강정준
B8: 4 | C8: 2022.06.16 | D8: 부품등급 심의회 연동을 위한 양식 수정 및 작성 가이드 명확화 | F8: 22.5/31일 NPI committee 수정 내용 1차 논의, 22.6/3일 SQA, SQE, 개발팀 2차 논의

Sheet 신규_변경부품List v4.0_vf
W2: LREN6325XE(F/S Nova Elec Better)모델 캐나다향 개발을 위한 Panel Assembly 채번 요청드립니다.
F5: Date of compostion: | G5: 45929 | I5: Drafted by: | J5: 나익수S | V5: MDMS3.0에서 모델명 잘못 표기해서 회수한 부품 수정하여 재 요청 해야함
F6: Date of revisions: | G6: 45929 | I6: Revised by: | J6: 나익수S
B7: New & Changing Part Development List
B8: Base Model/Suffix | H8: LDEL7324SE.ASTLLGA
B9: Model/Suffix / Grade | H9: LDEL7324YE.ASTLLGA / Cb
B10: Event | H10: CP PP DV PV PQ
B11: No. | C11: Model | E11: Level | F11: Classification | G11: Part Type | H11: Part No. | J11: Class Desc.(Part Name) | K11: Fig. | L11: Changing Point | M11: Changing Reason | N11: 인쇄물 변경 | O11: Qty | Q11: 변경 부품 대상 | R11: 금형 개발 /수정 | S11: 설계 FMEA 대상 | T11: 공정 FMEA 대상 | U11: 변경 Level | V11: 부품등급 심의회
A12: ㄹ | H12: Base P/No | I12: New P/No | O12: Base | P12: New | V12: 양산처 (기존) | W12: 양산처 (변경) | X12: Cavity정보 (변경 부품 기준) | Y12: 부품 개발 등급 | Z12: 신뢰성검증 프로세스 | AA12: 수율 관리 | AB12: s-APQP | AC12: 공정 FMEA | AD12: 공정심사 or 공장심사 | AE12: 부품 승인 | AF12: 부품 인정 | AG12: 시방 인정 | AH12: 선정 배경
A13: =IF(I13="←",IF(P13="←",0,1),1) -> 1 | B13: 1 | E13: 0 | F13: Changing | H13: LDEL7324SE.ASTLLGA | I13: LDEL7324YE.ASTLLGA | J13: Electric(Freestanding) | O13: 1 | P13: ← | V13: - | W13: -
A14: =IF(I14="←",IF(P14="←",0,1),1) -> 0 | B14: 2 | E14: .1 | F14: Common | H14: ABU74573309 | I14: ← | J14: Cavity Assembly,Full | O14: 1 | P14: ←
A15: =IF(I15="←",IF(P15="←",0,1),1) -> 0 | B15: 3 | E15: ..2 | F15: Common | H15: ABU73833320 | I15: ← | J15: Cavity Assembly,welding | O15: 1 | P15: ←
A16: =IF(I16="←",IF(P16="←",0,1),1) -> 0 | B16: 4 | E16: ...3 | F16: Common | H16: ABU73833318 | I16: ← | J16: Cavity Assembly,welding | O16: 1 | P16: ←
A17: =IF(I17="←",IF(P17="←",0,1),1) -> 0 | B17: 5 | E17: ....4 | F17: Common | H17: MGJ64584202 | I17: ← | J17: Plate,U Bending(Lower) | O17: 1 | P17: ←
A18: =IF(I18="←",IF(P18="←",0,1),1) -> 0 | B18: 6 | E18: .....5 | F18: Common | H18: MGJ64430302 | I18: ← | J18: Plate,Flat(Lower) | O18: 1 | P18: ←
A19: =IF(I19="←",IF(P19="←",0,1),1) -> 0 | B19: 7 | E19: ......6 | F19: Common | H19: RAA33996729 | I19: ← | J19: Sheet,Steel(CR) | O19: 1 | P19: ←
A20: =IF(I20="←",IF(P20="←",0,1),1) -> 0 | B20: 8 | E20: ......6 | F20: Common | H20: RCL30081101 | I20: ← | J20: Coil,Steel(PCM_Product) | O20: 3.4221 | P20: ←
A21: =IF(I21="←",IF(P21="←",0,1),1) -> 0 | B21: 9 | E21: ....4 | F21: Common | H21: MGJ64429402 | I21: ← | J21: Plate,Upper | O21: 1 | P21: ←
A22: =IF(I22="←",IF(P22="←",0,1),1) -> 0 | B22: 10 | E22: .....5 | F22: Common | H22: RAA33996727 | I22: ← | J22: Sheet,Steel(CR) | O22: 1 | P22: ←
A23: =IF(I23="←",IF(P23="←",0,1),1) -> 0 | B23: 11 | E23: .....5 | F23: Common | H23: RCL30081301 | I23: ← | J23: Coil,Steel(PCM_Product) | O23: 2.0135 | P23: ←
A24: =IF(I24="←",IF(P24="←",0,1),1) -> 0 | B24: 12 | E24: ....4 | F24: Common | H24: MGJ64430501 | I24: ← | J24: Plate,Front | O24: 1 | P24: ←
A25: =IF(I25="←",IF(P25="←",0,1),1) -> 0 | B25: 13 | E25: .....5 | F25: Common | H25: RAA33996717 | I25: ← | J25: Sheet,Steel(CR) | O25: 1 | P25: ←
... A284: =IF(I284="←",IF(P284="←",0,1),1) -> 0 | B284: 272 | E284: ...3 | F284: Common | H284: RCL30090301 | I284: ← | J284: Coil,Steel(CR_Product) | O284: 0.059 | P284: ←
A285: =IF(I285="←",IF(P285="←",0,1),1) -> 1 | B285: 273 | E285: .1 | F285: New | H285: ADC30051112 | I285: ADC30051122 | J285: Door Assembly,Full | M285: 하위 부품 변경(Fixed Dimple Handle) | O285: 1 | P285: ← | V285: 기미전자 | W285: 기미전자 | Y285: c | Z285: x | AA285: x | AB285: x | AC285: x | AD285: x | AE285: x | AF285: ○ | AG285: x | AH285: 기존 거래 업체 / 기존 공법 / 기존 재질 적용된 단순 하위 부품 변경 으로 c급 선정
A286: =IF(I286="←",IF(P286="←",0,1),1) -> 0 | B286: 274 | E286: ..2 | F286: Common | H286: AEH76198003 | I286: ← | J286: Hinge Assembly | O286: 2 | P286: ←
A287: =IF(I287="←",IF(P287="←",0,1),1) -> 0 | B287: 275 | E287: ...3 | F287: Common | H287: MEK64466602 | I287: ← | J287: Housing | O287: 1 | P287: ←
A288: =IF(I288="←",IF(P288="←",0,1),1) -> 0 | B288: 276 | E288: ...3 | F288: Common | H288: MEK65197102 | I288: ← | J288: Housing | O288: 1 | P288: ←
A289: =IF(I289="←",IF(P289="←",0,1),1) -> 0 | B289: 277 | E289: ....4 | F289: Common | H289: RCL30078701 | I289: ← | J289: Coil,Steel(GI_Product) | O289: 0.0734 | P289: ←
A290: =IF(I290="←",IF(P290="←",0,1),1) -> 0 | B290: 278 | E290: ...3 | F290: Common | H290: MFC64029503 | I290: ← | J290: Lever | O290: 1 | P290: ←
A291: =IF(I291="←",IF(P291="←",0,1),1) -> 0 | B291: 279 | E291: ...3 | F291: Common | H291: MFG64684601 | I291: ← | J291: Locker | O291: 1 | P291: ←
A292: =IF(I292="←",IF(P292="←",0,1),1) -> 0 | B292: 280 | E292: ...3 | F292: Common | H292: MAK65412401 | I292: ← | J292: Bar,Connector | O292: 1 | P292: ←
A293: =IF(I293="←",IF(P293="←",0,1),1) -> 0 | B293: 281 | E293: ....4 | F293: Common | H293: RCL30076101 | I293: ← | J293: Coil,Steel(CR_Product) | O293: 0.0597 | P293: ←
A294: =IF(I294="←",IF(P294="←",0,1),1) -> 0 | B294: 282 | E294: ..2 | F294: Common | H294: MCK68473501 | I294: ← | J294: Cover,Inner | O294: 1 | P294: ←
A295: =IF(I295="←",IF(P295="←",0,1),1) -> 0 | B295: 283 | E295: ...3 | F295: Common | H295: RAA33956507 | I295: ← | J295: Sheet,Steel(GI) | O295: 1 | P295: ←
A296: =IF(I296="←",IF(P296="←",0,1),1) -> 0 | B296: 284 | E296: ...3 | F296: Common | H296: RCL30080101 | I296: ← | J296: Coil,Steel(PCM_Product) | O296: 0.8847 | P296: ←
A297: =IF(I297="←",IF(P297="←",0,1),1) -> 0 | B297: 285 | E297: ..2 | F297: Common | H297: MAZ64569403 | I297: ← | J297: Bracket,Mount | O297: 2 | P297: ←
... A312: =IF(I312="←",IF(P312="←",0,1),1) -> 0 | B312: 300 | E312: *S* | F312: Common | H312: RAB33372902 | I312: ← | J312: Paint,Powder | O312: 0.1667 | P312: ←
A313: =IF(I313="←",IF(P313="←",0,1),1) -> 1 | B313: 301 | E313: ..2 | F313: New | H313: ADC30051805 | I313: ADC30051810 | J313: Door Assembly,Sub | M313: 하위 부품 변경(Fixed Dimple Handle) | O313: 1 | P313: ← | V313: 기미전자 | W313: 기미전자 | Y313: c | Z313: x | AA313: x | AB313: x | AC313: x | AD313: x | AE313: x | AF313: ○ | AG313: x | AH313: 기존 거래 업체 / 기존 공법 / 기존 재질 적용된 단순 하위 부품 변경 으로 c급 선정
A314: =IF(I314="←",IF(P314="←",0,1),1) -> 1 | B314: 302 | E314: ...3 | F314: New | H314: MCR68408304 | I314: MCR68408309 | J314: Decor,Front | M314: Decor Front 변경 | O314: 1 | P314: ← | V314: 기미전자 | W314: 기미전자 | Y314: c | Z314: x | AA314: x | AB314: x | AC314: x | AD314: x | AE314: x | AF314: ○ | AG314: x | AH314: 기존 거래 업체 / 기존 공법 / 기존 재질 적용된 단순 하위 부품 변경 으로 c급 선정
A315: =IF(I315="←",IF(P315="←",0,1),1) -> 0 | B315: 303 | E315: ....4 | F315: Common | H315: RSH31038802 | I315: ← | J315: Sheet,Steel(STS) | O315: 1 | P315: ←
A316: =IF(I316="←",IF(P316="←",0,1),1) -> 0 | B316: 304 | E316: .....5 | F316: Common | H316: RSH31038804 | I316: ← | J316: Sheet,Steel(STS) | O316: 1 | P316: ←
A317: =IF(I317="←",IF(P317="←",0,1),1) -> 0 | B317: 305 | E317: ....4 | F317: Common | H317: RCL30084901 | I317: ← | J317: Coil,Steel(STS_Product) | O317: 0.5305 | P317: ←
A318: =IF(I318="←",IF(P318="←",0,1),1) -> 0 | B318: 306 | E318: ...3 | F318: Common | H318: MKC65299605 | I318: ← | J318: Window,Glass | O318: 1 | P318: ←
A319: =IF(I319="←",IF(P319="←",0,1),1) -> 0 | B319: 307 | E319: ....4 | F319: Common | H319: AKF74334701 | I319: ← | J319: Print Assembly | O319: 1 | P319: ←
A320: =IF(I320="←",IF(P320="←",0,1),1) -> 0 | B320: 308 | E320: ...3 | F320: Common | H320: RAC32697304 | I320: ← | J320: Sealant | O320: 0.017 | P320: ←
A321: =IF(I321="←",IF(P321="←",0,1),1) -> 0 | B321: 309 | E321: ...3 | F321: Common | H321: RAB34410305 | I321: ← | J321: Tape,Acrylic Foam | O321: 0.035 | P321: ←
A322: =IF(I322="←",IF(P322="←",0,1),1) -> 0 | B322: 310 | E322: ..2 | F322: Common | H322: ACW30276301 | I322: ← | J322: Decor Assembly | O322: 1 | P322: ←
A323: =IF(I323="←",IF(P323="←",0,1),1) -> 0 | B323: 311 | E323: ...3 | F323: Common | H323: MCR68408402 | I323: ← | J323: Decor,Door | O323: 1 | P323: ←
A324: =IF(I324="←",IF(P324="←",0,1),1) -> 0 | B324: 312 | E324: ....4 | F324: Common | H324: RAA00720004 | I324: ← | J324: Resin,PBT | O324: 0.42 | P324: ←
A325: =IF(I325="←",IF(P325="←",0,1),1) -> 0 | B325: 313 | E325: ...3 | F325: Common | H325: MJH30027101 | I325: ← | J325: Supporter,Handle | O325: 2 | P325: ←
A326: =IF(I326="←",IF(P326="←",0,1),1) -> 0 | B326: 314 | E326: ....4 | F326: Common | H326: RAA00720004 | I326: ← | J326: Resin,PBT | O326: 0.0264 | P326: ←
A327: =IF(I327="←",IF(P327="←",0,1),1) -> 0 | B327: 315 | E327: ...3 | F327: Common | H327: 1TTL0402618 | I327: ← | J327: Screw,Tapping | O327: 4 | P327: ←
A328: =IF(I328="←",IF(P328="←",0,1),1) -> 1 | B328: 316 | E328: ..2 | F328: New | H328: MEB65414301 | I328: AED30153303 | J328: Handle,Door | M328: Fixed Handle 적용 | O328: 1 | P328: ← | V328: 에스디이앤티(한덕) | W328: 에스디이앤티(한덕) | Y328: c | Z328: x | AA328: x | AB328: x | AC328: x | AD328: x | AE328: x | AF328: ○ | AG328: x | AH328: 기존 거래 업체 / 기존 공법 / 기존 재질 적용된 단순 하위 부품 변경 으로 c급 선정
A329: =IF(I329="←",IF(P329="←",0,1),1) -> 1 | B329: 317 | E329: ...3 | F329: New | H329: - | I329: MEG66749803 | J329: Holder,Bracket | M329: Fixed Handle 적용 | O329: 0 | P329: 2 | V329: - | W329: 에스디이앤티(한덕) | Y329: c | Z329: x | AA329: x | AB329: x | AC329: x | AD329: x | AE329: x | AF329: ○ | AG329: x | AH329: 기존 거래 업체 / 기존 공법 / 기존 재질 적용된 단순 하위 부품 변경 으로 c급 선정
A330: =IF(I330="←",IF(P330="←",0,1),1) -> 1 | B330: 318 | E330: ....4 | F330: Changing | H330: - | I330: RAA34560801 | J330: Resin,PC-ABS | M330: Fixed Handle 적용 | O330: 0 | P330: 0.022
A331: =IF(I331="←",IF(P331="←",0,1),1) -> 1 | B331: 319 | E331: ...3 | F331: Changing | H331: - | I331: MEB65443302 | J331: Handle,Refrigerator | M331: Fixed Handle 적용 | O331: 0 | P331: 1
A332: =IF(I332="←",IF(P332="←",0,1),1) -> 1 | B332: 320 | E332: ...3 | F332: Changing | H332: - | I332: 1SZZJJ3007A | J332: Screw,Customized | M332: Fixed Handle 적용 | O332: 0 | P332: 4
A333: =IF(I333="←",IF(P333="←",0,1),1) -> 1 | B333: 321 | E333: ..2 | F333: New | H333: - | I333: MFZ00552701 | J333: Packing,Gasket | M333: Fixed Handle 적용 | O333: 0 | P333: 2 | V333: - | W333: 서브원(세광러버테크) | Y333: c | Z333: x | AA333: x | AB333: x | AC333: x | AD333: x | AE333: x | AF333: ○ | AG333: x | AH333: 기존 거래 업체 / 기존 공법 / 기존 재질 적용된 단순 하위 부품 변경 으로 c급 선정
A334: =IF(I334="←",IF(P334="←",0,1),1) -> 0 | B334: 322 | E334: ...3 | F334: Common | H334: RAY30020601 | I334: ← | J334: Alloy,Aluminium(Product) | O334: 532437.75 | P334: ←
A335: =IF(I335="←",IF(P335="←",0,1),1) -> 0 | B335: 323 | E335: ..2 | F335: Common | H335: 1WZZW3Z003B | I335: ← | J335: Washer,Customized | O335: 6 | P335: ←
A336: =IF(I336="←",IF(P336="←",0,1),1) -> 0 | B336: 324 | E336: *Q* | F336: Common | H336: 1WZZW3Z003B | I336: ← | J336: Washer,Customized | O336: 4 | P336: ←
A337: =IF(I337="←",IF(P337="←",0,1),1) -> 0 | B337: 325 | E337: *Q* | F337: Common | H337: 1WZZW3Z003B | I337: ← | J337: Washer,Customized | O337: 2 | P337: ←
A338: =IF(I338="←",IF(P338="←",0,1),1) -> 0 | B338: 326 | E338: ..2 | F338: Common | H338: 1SZZW5N001C | I338: ← | J338: Screw,Customized | O338: 4 | P338: ←
A339: =IF(I339="←",IF(P339="←",0,1),1) -> 0 | B339: 327 | E339: ..2 | F339: Common | H339: 1SZZW5N001H | I339: ← | J339: Screw,Customized | O339: 2 | P339: ←
A340: =IF(I340="←",IF(P340="←",0,1),1) -> 0 | B340: 328 | E340: ..2 | F340: Common | H340: 1TTL0403418 | I340: ← | J340: Screw,Tapping | O340: 2 | P340: ←
A341: =IF(I341="←",IF(P341="←",0,1),1) -> 0 | B341: 329 | E341: ..2 | F341: Common | H341: 1TTL0402418 | I341: ← | J341: Screw,Tapping | O341: 3 | P341: ←
A342: =IF(I342="←",IF(P342="←",0,1),1) -> 0 | B342: 330 | E342: ..2 | F342: Common | H342: 1SBF0402418 | I342: ← | J342: Screw,Taptite | O342: 4 | P342: ←
A343: =IF(I343="←",IF(P343="←",0,1),1) -> 0 | B343: 331 | E343: ..2 | F343: Common | H343: MAB62761316 | I343: ← | J343: Angle | O343: 2 | P343: ←
A344: =IF(I344="←",IF(P344="←",0,1),1) -> 0 | B344: 332 | E344: ..2 | F344: Common | H344: RAB33679005 | I344: ← | J344: Tape,Polyester | O344: 0.36 | P344: ←
A345: =IF(I345="←",IF(P345="←",0,1),1) -> 0 | B345: 333 | E345: *S* | F345: Common | H345: RAB33679003 | I345: ← | J345: Tape,Polyester | O345: 0.36 | P345: ←
... A350: =IF(I350="←",IF(P350="←",0,1),1) -> 0 | B350: 338 | E350: ....4 | F350: Common | H350: RCL30078501 | I350: ← | J350: Coil,Steel(GI_Product) | O350: 0.0818 | P350: ←
A351: =IF(I351="←",IF(P351="←",0,1),1) -> 1 | B351: 339 | E351: ..2 | F351: Changing | H351: 4890W1N005W | I351: 4890W1N009L | J351: Window,Glass | L351: 방사율 | M351: BOM 현실화 | O351: 2 | P351: ←
A352: =IF(I352="←",IF(P352="←",0,1),1) -> 1 | B352: 341 | E352: .1 | F352: New | H352: ADC30051012 | I352: ADC30051023 | J352: Door Assembly,Full | M352: 하위 부품 변경(Fixed Dimple Handle) | O352: 1 | P352: ← | V352: 기미전자 | W352: 기미전자 | Y352: c | Z352: x | AA352: x | AB352: x | AC352: x | AD352: x | AE352: x | AF352: ○ | AG352: x | AH352: 기존 거래 업체 / 기존 공법 / 기존 재질 적용된 단순 하위 부품 변경 으로 c급 선정
A353: =IF(I353="←",IF(P353="←",0,1),1) -> 0 | B353: 342 | E353: ..2 | F353: Common | H353: MAZ64607601 | I353: ← | J353: Bracket,Hinge | O353: 1 | P353: ←
A354: =IF(I354="←",IF(P354="←",0,1),1) -> 0 | B354: 343 | E354: ...3 | F354: Common | H354: RCL30078601 | I354: ← | J354: Coil,Steel(GI_Product) | O354: 0.0918 | P354: ←
A355: =IF(I355="←",IF(P355="←",0,1),1) -> 0 | B355: 344 | E355: *S* | F355: Common | H355: MAZ64607501 | I355: ← | J355: Bracket,Hinge | O355: 1 | P355: ←
A356: =IF(I356="←",IF(P356="←",0,1),1) -> 0 | B356: 345 | E356: ..2 | F356: Common | H356: MAZ64607602 | I356: ← | J356: Bracket,Hinge | O356: 1 | P356: ←
A357: =IF(I357="←",IF(P357="←",0,1),1) -> 0 | B357: 346 | E357: ...3 | F357: Common | H357: RCL30078601 | I357: ← | J357: Coil,Steel(GI_Product) | O357: 0.0918 | P357: ←
A358: =IF(I358="←",IF(P358="←",0,1),1) -> 0 | B358: 347 | E358: *S* | F358: Common | H358: MAZ64607502 | I358: ← | J358: Bracket,Hinge | O358: 1 | P358: ←
A359: =IF(I359="←",IF(P359="←",0,1),1) -> 0 | B359: 348 | E359: ..2 | F359: Common | H359: MCK68473301 | I359: ← | J359: Cover,Inner | O359: 1 | P359: ←
A360: =IF(I360="←",IF(P360="←",0,1),1) -> 0 | B360: 349 | E360: ...3 | F360: Common | H360: RAA33956506 | I360: ← | J360: Sheet,Steel(GI) | O360: 1 | P360: ←
A361: =IF(I361="←",IF(P361="←",0,1),1) -> 0 | B361: 350 | E361: ...3 | F361: Common | H361: RCL30080101 | I361: ← | J361: Coil,Steel(PCM_Product) | O361: 0.7353 | P361: ←
A362: =IF(I362="←",IF(P362="←",0,1),1) -> 0 | B362: 351 | E362: ..2 | F362: Common | H362: MAZ64569402 | I362: ← | J362: Bracket,Mount | O362: 2 | P362: ←
A363: =IF(I363="←",IF(P363="←",0,1),1) -> 0 | B363: 352 | E363: ...3 | F363: Common | H363: RAA33998101 | I363: ← | J363: Coil,Steel(GI) | O363: 0.2 | P363: ←
A364: =IF(I364="←",IF(P364="←",0,1),1) -> 0 | B364: 353 | E364: ...3 | F364: Common | H364: RCL30080101 | I364: ← | J364: Coil,Steel(PCM_Product) | O364: 0.1486 | P364: ←
... A376: =IF(I376="←",IF(P376="←",0,1),1) -> 0 | B376: 365 | E376: *S* | F376: Common | H376: RAB33372902 | I376: ← | J376: Paint,Powder | O376: 0.1394 | P376: ←
A377: =IF(I377="←",IF(P377="←",0,1),1) -> 1 | B377: 366 | E377: ..2 | F377: New | H377: ADC30051706 | I377: ADC30051709 | J377: Door Assembly,Sub | O377: 1 | P377: ← | V377: 기미전자 | W377: 기미전자 | Y377: c | Z377: x | AA377: x | AB377: x | AC377: x | AD377: x | AE377: x | AF377: ○ | AG377: x | AH377: 기존 거래 업체 / 기존 공법 / 기존 재질 적용된 단순 하위 부품 변경 으로 c급 선정
A378: =IF(I378="←",IF(P378="←",0,1),1) -> 1 | B378: 367 | E378: ...3 | F378: New | H378: MCR68408203 | I378: MCR68408206 | J378: Decor,Front | O378: 1 | P378: ← | V378: 기미전자 | W378: 기미전자 | Y378: c | Z378: x | AA378: x | AB378: x | AC378: x | AD378: x | AE378: x | AF378: ○ | AG378: x | AH378: 기존 거래 업체 / 기존 공법 / 기존 재질 적용된 단순 하위 부품 변경 으로 c급 선정
A379: =IF(I379="←",IF(P379="←",0,1),1) -> 0 | B379: 368 | E379: ....4 | F379: Common | H379: RSH31038801 | I379: ← | J379: Sheet,Steel(STS) | O379: 1 | P379: ←
A380: =IF(I380="←",IF(P380="←",0,1),1) -> 0 | B380: 369 | E380: .....5 | F380: Common | H380: RSH31038803 | I380: ← | J380: Sheet,Steel(STS) | O380: 1 | P380: ←
A381: =IF(I381="←",IF(P381="←",0,1),1) -> 0 | B381: 370 | E381: ....4 | F381: Common | H381: RCL30084901 | I381: ← | J381: Coil,Steel(STS_Product) | O381: 0.572 | P381: ←
A382: =IF(I382="←",IF(P382="←",0,1),1) -> 0 | B382: 371 | E382: ...3 | F382: Common | H382: MKC65299619 | I382: ← | J382: Window,Glass | O382: 1 | P382: ←
A383: =IF(I383="←",IF(P383="←",0,1),1) -> 0 | B383: 372 | E383: ....4 | F383: Common | H383: AKF74334603 | I383: ← | J383: Print Assembly | O383: 1 | P383: ←
A384: =IF(I384="←",IF(P384="←",0,1),1) -> 0 | B384: 373 | E384: ...3 | F384: Common | H384: RAC32697304 | I384: ← | J384: Sealant | O384: 0.012 | P384: ←
A385: =IF(I385="←",IF(P385="←",0,1),1) -> 0 | B385: 374 | E385: ...3 | F385: Common | H385: 1VZZA90001A | I385: ← | J385: Rivet,Common | O385: 4 | P385: ←
A386: =IF(I386="←",IF(P386="←",0,1),1) -> 1 | B386: 375 | E386: ..2 | F386: New | H386: MEB65414301 | I386: AED30153303 | J386: Handle,Door | M386: Fixed Handle 적용 | O386: 1 | P386: ← | V386: 에스디이앤티(한덕) | W386: 에스디이앤티(한덕) | Y386: c | Z386: x | AA386: x | AB386: x | AC386: x | AD386: x | AE386: x | AF386: ○ | AG386: x | AH386: 기존 거래 업체 / 기존 공법 / 기존 재질 적용된 단순 하위 부품 변경 으로 c급 선정
A387: =IF(I387="←",IF(P387="←",0,1),1) -> 1 | B387: 376 | E387: ...3 | F387: New | H387: - | I387: MEG66749803 | J387: Holder,Bracket | M387: Fixed Handle 적용 | O387: 0 | P387: 2 | V387: - | W387: 에스디이앤티(한덕) | Y387: c | Z387: x | AA387: x | AB387: x | AC387: x | AD387: x | AE387: x | AF387: ○ | AG387: x | AH387: 기존 거래 업체 / 기존 공법 / 기존 재질 적용된 단순 하위 부품 변경 으로 c급 선정
A388: =IF(I388="←",IF(P388="←",0,1),1) -> 1 | B388: 377 | E388: ....4 | F388: Changing | H388: - | I388: RAA34560801 | J388: Resin,PC-ABS | M388: Fixed Handle 적용 | O388: 0 | P388: 0.022
A389: =IF(I389="←",IF(P389="←",0,1),1) -> 1 | B389: 378 | E389: ...3 | F389: Changing | H389: - | I389: MEB65443302 | J389: Handle,Refrigerator | M389: Fixed Handle 적용 | O389: 0 | P389: 1
A390: =IF(I390="←",IF(P390="←",0,1),1) -> 1 | B390: 379 | E390: ...3 | F390: Changing | H390: - | I390: 1SZZJJ3007A | J390: Screw,Customized | M390: Fixed Handle 적용 | O390: 0 | P390: 4
...

Sheet 부품등급심의회회의록
A1: Project명 | B1: Lupin2 F/S Elec Double Good+ Transition | E1: Model | F1: ='신규_변경부품List v4.0_vf'!I13 -> LDEL7324YE.ASTLLGA | J1: 개발등급 | K1: Cb급
A2: 일정 | B2: 2025.11.07 | E2: 참석자 | F2: 제품개발 : 조상혁 연구원 부품품질 : 김기환 책임 개발구매 : 류동건S
A5: 장소 | B5: 선진화동 4F | E5: 회의록 | F5: 1. 부품등급심의 결과 - 신규부품 20개 (c급 15개, d급 5개) 2. 부품인정시험 대상 부품 : 14 ea (제어 : 0 ea / 전장 : 0ea / 기구 : 14 ea) 3. 한도승인 대상 부품 : 2 ea 4. 수율 검증 대상 부품 없음
A8: 협력회사 | B8: 부품명 | C8: Part No | E8: 부품 개발 등급 | F8: 신뢰성 9 Step | G8: 수율 관리 | H8: s-APQP | I8: 공정 DRBFM | J8: 공정심사 or 공장심사 | K8: 부품 승인 | L8: 부품 인정 | M8: 시방 인정 | N8: 선정 배경
A9: {=IFERROR(INDEX('신규_변경부품List v4.0_vf'!$W$13:$W$765,1/LARGE(INDEX(('신규_변경부품List v4.0_vf'!$AF$13:$AF$765="○")/ROW('신규_변경부품List v4.0_vf'!$AF$13:$AF$765),),ROW('신규_변경부품List v4.0_vf'!$A1))-12,1),"")} -> 기미전자 | B9: {=IFERROR(INDEX('신규_변경부품List v4.0_vf'!$J$13:$J$765,1/LARGE(INDEX(('신규_변경부품List v4.0_vf'!$AF$13:$AF$765="○")/ROW('신규_변경부품List v4.0_vf'!$AF$13:$AF$765),),ROW('신규_변경부품List v4.0_vf'!$A1))-12,1),"")} -> Door Assembly,Full | C9: {=IFERROR(INDEX('신규_변경부품List v4.0_vf'!$I$13:$I$765,1/LARGE(INDEX(('신규_변경부품List v4.0_vf'!$AF$13:$AF$765="○")/ROW('신규_변경부품List v4.0_vf'!$AF$13:$AF$765),),ROW('신규_변경부품List v4.0_vf'!$A1))-12,1),"")} -> ADC30051122 | D9: =COUNTIF($C$1:$C8,C9) -> 0 | E9: {=IFERROR(INDEX('신규_변경부품List v4.0_vf'!Y$13:Y$765,1/LARGE(INDEX(('신규_변경부품List v4.0_vf'!$AF$13:$AF$765="○")/ROW('신규_변경부품List v4.0_vf'!$AF$13:$AF$765),),ROW('신규_변경부품List v4.0_vf'!$A1))-12,1),"")} -> c | F9: {=IFERROR(INDEX('신규_변경부품List v4.0_vf'!Z$13:Z$765,1/LARGE(INDEX(('신규_변경부품List v4.0_vf'!$AF$13:$AF$765="○")/ROW('신규_변경부품List v4.0_vf'!$AF$13:$AF$765),),ROW('신규_변경부품List v4.0_vf'!$A1))-12,1),"")} -> x | G9: {=IFERROR(INDEX('신규_변경부품List v4.0_vf'!AA$13:AA$765,1/LARGE(INDEX(('신규_변경부품List v4.0_vf'!$AF$13:$AF$765="○")/ROW('신규_변경부품List v4.0_vf'!$AF$13:$AF$765),),ROW('신규_변경부품List v4.0_vf'!$A1))-12,1),"")} -> x | H9: {=IFERROR(INDEX('신규_변경부품List v4.0_vf'!AB$13:AB$765,1/LARGE(INDEX(('신규_변경부품List v4.0_vf'!$AF$13:$AF$765="○")/ROW('신규_변경부품List v4.0_vf'!$AF$13:$AF$765),),ROW('신규_변경부품List v4.0_vf'!$A1))-12,1),"")} -> x | I9: {=IFERROR(INDEX('신규_변경부품List v4.0_vf'!AC$13:AC$765,1/LARGE(INDEX(('신규_변경부품List v4.0_vf'!$AF$13:$AF$765="○")/ROW('신규_변경부품List v4.0_vf'!$AF$13:$AF$765),),ROW('신규_변경부품List v4.0_vf'!$A1))-12,1),"")} -> x | J9: {=IFERROR(INDEX('신규_변경부품List v4.0_vf'!AD$13:AD$765,1/LARGE(INDEX(('신규_변경부품List v4.0_vf'!$AF$13:$AF$765="○")/ROW('신규_변경부품List v4.0_vf'!$AF$13:$AF$765),),ROW('신규_변경부품List v4.0_vf'!$A1))-12,1),"")} -> x | K9: {=IFERROR(INDEX('신규_변경부품List v4.0_vf'!AE$13:AE$765,1/LARGE(INDEX(('신규_변경부품List v4.0_vf'!$AF$13:$AF$765="○")/ROW('신규_변경부품List v4.0_vf'!$AF$13:$AF$765),),ROW('신규_변경부품List v4.0_vf'!$A1))-12,1),"")} -> x | L9: {=IFERROR(INDEX('신규_변경부품List v4.0_vf'!AF$13:AF$765,1/LARGE(INDEX(('신규_변경부품List v4.0_vf'!$AF$13:$AF$765="○")/ROW('신규_변경부품List v4.0_vf'!$AF$13:$AF$765),),ROW('신규_변경부품List v4.0_vf'!$A1))-12,1),"")} -> ○ | ... N9: {=IFERROR(INDEX('신규_변경부품List v4.0_vf'!AH$13:AH$765,1/LARGE(INDEX(('신규_변경부품List v4.0_vf'!$AF$13:$AF$765="○")/ROW('신규_변경부품List v4.0_vf'!$AF$13:$AF$765),),ROW('신규_변경부품List v4.0_vf'!$A1))-12,1),"")} -> 기존 거래 업체 / 기존 공법 / 기존 재질 적용된 단순 하위 부품 변경 으로 c급 선정
A10: {=IFERROR(INDEX('신규_변경부품List v4.0_vf'!$W$13:$W$765,1/LARGE(INDEX(('신규_변경부품List v4.0_vf'!$AF$13:$AF$765="○")/ROW('신규_변경부품List v4.0_vf'!$AF$13:$AF$765),),ROW('신규_변경부품List v4.0_vf'!$A2))-12,1),"")} -> 기미전자 | B10: {=IFERROR(INDEX('신규_변경부품List v4.0_vf'!$J$13:$J$765,1/LARGE(INDEX(('신규_변경부품List v4.0_vf'!$AF$13:$AF$765="○")/ROW('신규_변경부품List v4.0_vf'!$AF$13:$AF$765),),ROW('신규_변경부품List v4.0_vf'!$A2))-12,1),"")} -> Door Assembly,Sub | C10: {=IFERROR(INDEX('신규_변경부품List v4.0_vf'!$I$13:$I$765,1/LARGE(INDEX(('신규_변경부품List v4.0_vf'!$AF$13:$AF$765="○")/ROW('신규_변경부품List v4.0_vf'!$AF$13:$AF$765),),ROW('신규_변경부품List v4.0_vf'!$A2))-12,1),"")} -> ADC30051810 | D10: =COUNTIF($C$1:$C9,C10) -> 0 | E10: {=IFERROR(INDEX('신규_변경부품List v4.0_vf'!Y$13:Y$765,1/LARGE(INDEX(('신규_변경부품List v4.0_vf'!$AF$13:$AF$765="○")/ROW('신규_변경부품List v4.0_vf'!$AF$13:$AF$765),),ROW('신규_변경부품List v4.0_vf'!$A2))-12,1),"")} -> c | F10: {=IFERROR(INDEX('신규_변경부품List v4.0_vf'!Z$13:Z$765,1/LARGE(INDEX(('신규_변경부품List v4.0_vf'!$AF$13:$AF$765="○")/ROW('신규_변경부품List v4.0_vf'!$AF$13:$AF$765),),ROW('신규_변경부품List v4.0_vf'!$A2))-12,1),"")} -> x | G10: {=IFERROR(INDEX('신규_변경부품List v4.0_vf'!AA$13:AA$765,1/LARGE(INDEX(('신규_변경부품List v4.0_vf'!$AF$13:$AF$765="○")/ROW('신규_변경부품List v4.0_vf'!$AF$13:$AF$765),),ROW('신규_변경부품List v4.0_vf'!$A2))-12,1),"")} -> x | H10: {=IFERROR(INDEX('신규_변경부품List v4.0_vf'!AB$13:AB$765,1/LARGE(INDEX(('신규_변경부품List v4.0_vf'!$AF$13:$AF$765="○")/ROW('신규_변경부품List v4.0_vf'!$AF$13:$AF$765),),ROW('신규_변경부품List v4.0_vf'!$A2))-12,1),"")} -> x | I10: {=IFERROR(INDEX('신규_변경부품List v4.0_vf'!AC$13:AC$765,1/LARGE(INDEX(('신규_변경부품List v4.0_vf'!$AF$13:$AF$765="○")/ROW('신규_변경부품List v4.0_vf'!$AF$13:$AF$765),),ROW('신규_변경부품List v4.0_vf'!$A2))-12,1),"")} -> x | J10: {=IFERROR(INDEX('신규_변경부품List v4.0_vf'!AD$13:AD$765,1/LARGE(INDEX(('신규_변경부품List v4.0_vf'!$AF$13:$AF$765="○")/ROW('신규_변경부품List v4.0_vf'!$AF$13:$AF$765),),ROW('신규_변경부품List v4.0_vf'!$A2))-12,1),"")} -> x | K10: {=IFERROR(INDEX('신규_변경부품List v4.0_vf'!AE$13:AE$765,1/LARGE(INDEX(('신규_변경부품List v4.0_vf'!$AF$13:$AF$765="○")/ROW('신규_변경부품List v4.0_vf'!$AF$13:$AF$765),),ROW('신규_변경부품List v4.0_vf'!$A2))-12,1),"")} -> x | L10: {=IFERROR(INDEX('신규_변경부품List v4.0_vf'!AF$13:AF$765,1/LARGE(INDEX(('신규_변경부품List v4.0_vf'!$AF$13:$AF$765="○")/ROW('신규_변경부품List v4.0_vf'!$AF$13:$AF$765),),ROW('신규_변경부품List v4.0_vf'!$A2))-12,1),"")} -> ○ | ... N10: {=IFERROR(INDEX('신규_변경부품List v4.0_vf'!AH$13:AH$765,1/LARGE(INDEX(('신규_변경부품List v4.0_vf'!$AF$13:$AF$765="○")/ROW('신규_변경부품List v4.0_vf'!$AF$13:$AF$765),),ROW('신규_변경부품List v4.0_vf'!$A2))-12,1),"")} -> 기존 거래 업체 / 기존 공법 / 기존 재질 적용된 단순 하위 부품 변경 으로 c급 선정
A11: {=IFERROR(INDEX('신규_변경부품List v4.0_vf'!$W$13:$W$765,1/LARGE(INDEX(('신규_변경부품List v4.0_vf'!$AF$13:$AF$765="○")/ROW('신규_변경부품List v4.0_vf'!$AF$13:$AF$765),),ROW('신규_변경부품List v4.0_vf'!$A3))-12,1),"")} -> 기미전자 | B11: {=IFERROR(INDEX('신규_변경부품List v4.0_vf'!$J$13:$J$765,1/LARGE(INDEX(('신규_변경부품List v4.0_vf'!$AF$13:$AF$765="○")/ROW('신규_변경부품List v4.0_vf'!$AF$13:$AF$765),),ROW('신규_변경부품List v4.0_vf'!$A3))-12,1),"")} -> Decor,Front | C11: {=IFERROR(INDEX('신규_변경부품List v4.0_vf'!$I$13:$I$765,1/LARGE(INDEX(('신규_변경부품List v4.0_vf'!$AF$13:$AF$765="○")/ROW('신규_변경부품List v4.0_vf'!$AF$13:$AF$765),),ROW('신규_변경부품List v4.0_vf'!$A3))-12,1),"")} -> MCR68408309 | D11: =COUNTIF($C$1:$C10,C11) -> 0 | E11: {=IFERROR(INDEX('신규_변경부품List v4.0_vf'!Y$13:Y$765,1/LARGE(INDEX(('신규_변경부품List v4.0_vf'!$AF$13:$AF$765="○")/ROW('신규_변경부품List v4.0_vf'!$AF$13:$AF$765),),ROW('신규_변경부품List v4.0_vf'!$A3))-12,1),"")} -> c | F11: {=IFERROR(INDEX('신규_변경부품List v4.0_vf'!Z$13:Z$765,1/LARGE(INDEX(('신규_변경부품List v4.0_vf'!$AF$13:$AF$765="○")/ROW('신규_변경부품List v4.0_vf'!$AF$13:$AF$765),),ROW('신규_변경부품List v4.0_vf'!$A3))-12,1),"")} -> x | G11: {=IFERROR(INDEX('신규_변경부품List v4.0_vf'!AA$13:AA$765,1/LARGE(INDEX(('신규_변경부품List v4.0_vf'!$AF$13:$AF$765="○")/ROW('신규_변경부품List v4.0_vf'!$AF$13:$AF$765),),ROW('신규_변경부품List v4.0_vf'!$A3))-12,1),"")} -> x | H11: {=IFERROR(INDEX('신규_변경부품List v4.0_vf'!AB$13:AB$765,1/LARGE(INDEX(('신규_변경부품List v4.0_vf'!$AF$13:$AF$765="○")/ROW('신규_변경부품List v4.0_vf'!$AF$13:$AF$765),),ROW('신규_변경부품List v4.0_vf'!$A3))-12,1),"")} -> x | I11: {=IFERROR(INDEX('신규_변경부품List v4.0_vf'!AC$13:AC$765,1/LARGE(INDEX(('신규_변경부품List v4.0_vf'!$AF$13:$AF$765="○")/ROW('신규_변경부품List v4.0_vf'!$AF$13:$AF$765),),ROW('신규_변경부품List v4.0_vf'!$A3))-12,1),"")} -> x | J11: {=IFERROR(INDEX('신규_변경부품List v4.0_vf'!AD$13:AD$765,1/LARGE(INDEX(('신규_변경부품List v4.0_vf'!$AF$13:$AF$765="○")/ROW('신규_변경부품List v4.0_vf'!$AF$13:$AF$765),),ROW('신규_변경부품List v4.0_vf'!$A3))-12,1),"")} -> x | K11: {=IFERROR(INDEX('신규_변경부품List v4.0_vf'!AE$13:AE$765,1/LARGE(INDEX(('신규_변경부품List v4.0_vf'!$AF$13:$AF$765="○")/ROW('신규_변경부품List v4.0_vf'!$AF$13:$AF$765),),ROW('신규_변경부품List v4.0_vf'!$A3))-12,1),"")} -> x | L11: {=IFERROR(INDEX('신규_변경부품List v4.0_vf'!AF$13:AF$765,1/LARGE(INDEX(('신규_변경부품List v4.0_vf'!$AF$13:$AF$765="○")/ROW('신규_변경부품List v4.0_vf'!$AF$13:$AF$765),),ROW('신규_변경부품List v4.0_vf'!$A3))-12,1),"")} -> ○ | ... N11: {=IFERROR(INDEX('신규_변경부품List v4.0_vf'!AH$13:AH$765,1/LARGE(INDEX(('신규_변경부품List v4.0_vf'!$AF$13:$AF$765="○")/ROW('신규_변경부품List v4.0_vf'!$AF$13:$AF$765),),ROW('신규_변경부품List v4.0_vf'!$A3))-12,1),"")} -> 기존 거래 업체 / 기존 공법 / 기존 재질 적용된 단순 하위 부품 변경 으로 c급 선정
A12: {=IFERROR(INDEX('신규_변경부품List v4.0_vf'!$W$13:$W$765,1/LARGE(INDEX(('신규_변경부품List v4.0_vf'!$AF$13:$AF$765="○")/ROW('신규_변경부품List v4.0_vf'!$AF$13:$AF$765),),ROW('신규_변경부품List v4.0_vf'!$A4))-12,1),"")} -> 에스디이앤티(한덕) | B12: {=IFERROR(INDEX('신규_변경부품List v4.0_vf'!$J$13:$J$765,1/LARGE(INDEX(('신규_변경부품List v4.0_vf'!$AF$13:$AF$765="○")/ROW('신규_변경부품List v4.0_vf'!$AF$13:$AF$765),),ROW('신규_변경부품List v4.0_vf'!$A4))-12,1),"")} -> Handle,Door | C12: {=IFERROR(INDEX('신규_변경부품List v4.0_vf'!$I$13:$I$765,1/LARGE(INDEX(('신규_변경부품List v4.0_vf'!$AF$13:$AF$765="○")/ROW('신규_변경부품List v4.0_vf'!$AF$13:$AF$765),),ROW('신규_변경부품List v4.0_vf'!$A4))-12,1),"")} -> AED30153303 | D12: =COUNTIF($C$1:$C11,C12) -> 0 | E12: {=IFERROR(INDEX('신규_변경부품List v4.0_vf'!Y$13:Y$765,1/LARGE(INDEX(('신규_변경부품List v4.0_vf'!$AF$13:$AF$765="○")/ROW('신규_변경부품List v4.0_vf'!$AF$13:$AF$765),),ROW('신규_변경부품List v4.0_vf'!$A4))-12,1),"")} -> c | F12: {=IFERROR(INDEX('신규_변경부품List v4.0_vf'!Z$13:Z$765,1/LARGE(INDEX(('신규_변경부품List v4.0_vf'!$AF$13:$AF$765="○")/ROW('신규_변경부품List v4.0_vf'!$AF$13:$AF$765),),ROW('신규_변경부품List v4.0_vf'!$A4))-12,1),"")} -> x | G12: {=IFERROR(INDEX('신규_변경부품List v4.0_vf'!AA$13:AA$765,1/LARGE(INDEX(('신규_변경부품List v4.0_vf'!$AF$13:$AF$765="○")/ROW('신규_변경부품List v4.0_vf'!$AF$13:$AF$765),),ROW('신규_변경부품List v4.0_vf'!$A4))-12,1),"")} -> x | H12: {=IFERROR(INDEX('신규_변경부품List v4.0_vf'!AB$13:AB$765,1/LARGE(INDEX(('신규_변경부품List v4.0_vf'!$AF$13:$AF$765="○")/ROW('신규_변경부품List v4.0_vf'!$AF$13:$AF$765),),ROW('신규_변경부품List v4.0_vf'!$A4))-12,1),"")} -> x | I12: {=IFERROR(INDEX('신규_변경부품List v4.0_vf'!AC$13:AC$765,1/LARGE(INDEX(('신규_변경부품List v4.0_vf'!$AF$13:$AF$765="○")/ROW('신규_변경부품List v4.0_vf'!$AF$13:$AF$765),),ROW('신규_변경부품List v4.0_vf'!$A4))-12,1),"")} -> x | J12: {=IFERROR(INDEX('신규_변경부품List v4.0_vf'!AD$13:AD$765,1/LARGE(INDEX(('신규_변경부품List v4.0_vf'!$AF$13:$AF$765="○")/ROW('신규_변경부품List v4.0_vf'!$AF$13:$AF$765),),ROW('신규_변경부품List v4.0_vf'!$A4))-12,1),"")} -> x | K12: {=IFERROR(INDEX('신규_변경부품List v4.0_vf'!AE$13:AE$765,1/LARGE(INDEX(('신규_변경부품List v4.0_vf'!$AF$13:$AF$765="○")/ROW('신규_변경부품List v4.0_vf'!$AF$13:$AF$765),),ROW('신규_변경부품List v4.0_vf'!$A4))-12,1),"")} -> x | L12: {=IFERROR(INDEX('신규_변경부품List v4.0_vf'!AF$13:AF$765,1/LARGE(INDEX(('신규_변경부품List v4.0_vf'!$AF$13:$AF$765="○")/ROW('신규_변경부품List v4.0_vf'!$AF$13:$AF$765),),ROW('신규_변경부품List v4.0_vf'!$A4))-12,1),"")} -> ○ | ... N12: {=IFERROR(INDEX('신규_변경부품List v4.0_vf'!AH$13:AH$765,1/LARGE(INDEX(('신규_변경부품List v4.0_vf'!$AF$13:$AF$765="○")/ROW('신규_변경부품List v4.0_vf'!$AF$13:$AF$765),),ROW('신규_변경부품List v4.0_vf'!$A4))-12,1),"")} -> 기존 거래 업체 / 기존 공법 / 기존 재질 적용된 단순 하위 부품 변경 으로 c급 선정
A13: {=IFERROR(INDEX('신규_변경부품List v4.0_vf'!$W$13:$W$765,1/LARGE(INDEX(('신규_변경부품List v4.0_vf'!$AF$13:$AF$765="○")/ROW('신규_변경부품List v4.0_vf'!$AF$13:$AF$765),),ROW('신규_변경부품List v4.0_vf'!$A5))-12,1),"")} -> 에스디이앤티(한덕) | B13: {=IFERROR(INDEX('신규_변경부품List v4.0_vf'!$J$13:$J$765,1/LARGE(INDEX(('신규_변경부품List v4.0_vf'!$AF$13:$AF$765="○")/ROW('신규_변경부품List v4.0_vf'!$AF$13:$AF$765),),ROW('신규_변경부품List v4.0_vf'!$A5))-12,1),"")} -> Holder,Bracket | C13: {=IFERROR(INDEX('신규_변경부품List v4.0_vf'!$I$13:$I$765,1/LARGE(INDEX(('신규_변경부품List v4.0_vf'!$AF$13:$AF$765="○")/ROW('신규_변경부품List v4.0_vf'!$AF$13:$AF$765),),ROW('신규_변경부품List v4.0_vf'!$A5))-12,1),"")} -> MEG66749803 | D13: =COUNTIF($C$1:$C12,C13) -> 0 | E13: {=IFERROR(INDEX('신규_변경부품List v4.0_vf'!Y$13:Y$765,1/LARGE(INDEX(('신규_변경부품List v4.0_vf'!$AF$13:$AF$765="○")/ROW('신규_변경부품List v4.0_vf'!$AF$13:$AF$765),),ROW('신규_변경부품List v4.0_vf'!$A5))-12,1),"")} -> c | F13: {=IFERROR(INDEX('신규_변경부품List v4.0_vf'!Z$13:Z$765,1/LARGE(INDEX(('신규_변경부품List v4.0_vf'!$AF$13:$AF$765="○")/ROW('신규_변경부품List v4.0_vf'!$AF$13:$AF$765),),ROW('신규_변경부품List v4.0_vf'!$A5))-12,1),"")} -> x | G13: {=IFERROR(INDEX('신규_변경부품List v4.0_vf'!AA$13:AA$765,1/LARGE(INDEX(('신규_변경부품List v4.0_vf'!$AF$13:$AF$765="○")/ROW('신규_변경부품List v4.0_vf'!$AF$13:$AF$765),),ROW('신규_변경부품List v4.0_vf'!$A5))-12,1),"")} -> x | H13: {=IFERROR(INDEX('신규_변경부품List v4.0_vf'!AB$13:AB$765,1/LARGE(INDEX(('신규_변경부품List v4.0_vf'!$AF$13:$AF$765="○")/ROW('신규_변경부품List v4.0_vf'!$AF$13:$AF$765),),ROW('신규_변경부품List v4.0_vf'!$A5))-12,1),"")} -> x | I13: {=IFERROR(INDEX('신규_변경부품List v4.0_vf'!AC$13:AC$765,1/LARGE(INDEX(('신규_변경부품List v4.0_vf'!$AF$13:$AF$765="○")/ROW('신규_변경부품List v4.0_vf'!$AF$13:$AF$765),),ROW('신규_변경부품List v4.0_vf'!$A5))-12,1),"")} -> x | J13: {=IFERROR(INDEX('신규_변경부품List v4.0_vf'!AD$13:AD$765,1/LARGE(INDEX(('신규_변경부품List v4.0_vf'!$AF$13:$AF$765="○")/ROW('신규_변경부품List v4.0_vf'!$AF$13:$AF$765),),ROW('신규_변경부품List v4.0_vf'!$A5))-12,1),"")} -> x | K13: {=IFERROR(INDEX('신규_변경부품List v4.0_vf'!AE$13:AE$765,1/LARGE(INDEX(('신규_변경부품List v4.0_vf'!$AF$13:$AF$765="○")/ROW('신규_변경부품List v4.0_vf'!$AF$13:$AF$765),),ROW('신규_변경부품List v4.0_vf'!$A5))-12,1),"")} -> x | L13: {=IFERROR(INDEX('신규_변경부품List v4.0_vf'!AF$13:AF$765,1/LARGE(INDEX(('신규_변경부품List v4.0_vf'!$AF$13:$AF$765="○")/ROW('신규_변경부품List v4.0_vf'!$AF$13:$AF$765),),ROW('신규_변경부품List v4.0_vf'!$A5))-12,1),"")} -> ○ | ... N13: {=IFERROR(INDEX('신규_변경부품List v4.0_vf'!AH$13:AH$765,1/LARGE(INDEX(('신규_변경부품List v4.0_vf'!$AF$13:$AF$765="○")/ROW('신규_변경부품List v4.0_vf'!$AF$13:$AF$765),),ROW('신규_변경부품List v4.0_vf'!$A5))-12,1),"")} -> 기존 거래 업체 / 기존 공법 / 기존 재질 적용된 단순 하위 부품 변경 으로 c급 선정
A14: {=IFERROR(INDEX('신규_변경부품List v4.0_vf'!$W$13:$W$765,1/LARGE(INDEX(('신규_변경부품List v4.0_vf'!$AF$13:$AF$765="○")/ROW('신규_변경부품List v4.0_vf'!$AF$13:$AF$765),),ROW('신규_변경부품List v4.0_vf'!$A6))-12,1),"")} -> 서브원(세광러버테크) | B14: {=IFERROR(INDEX('신규_변경부품List v4.0_vf'!$J$13:$J$765,1/LARGE(INDEX(('신규_변경부품List v4.0_vf'!$AF$13:$AF$765="○")/ROW('신규_변경부품List v4.0_vf'!$AF$13:$AF$765),),ROW('신규_변경부품List v4.0_vf'!$A6))-12,1),"")} -> Packing,Gasket | C14: {=IFERROR(INDEX('신규_변경부품List v4.0_vf'!$I$13:$I$765,1/LARGE(INDEX(('신규_변경부품List v4.0_vf'!$AF$13:$AF$765="○")/ROW('신규_변경부품List v4.0_vf'!$AF$13:$AF$765),),ROW('신규_변경부품List v4.0_vf'!$A6))-12,1),"")} -> MFZ00552701 | D14: =COUNTIF($C$1:$C13,C14) -> 0 | E14: {=IFERROR(INDEX('신규_변경부품List v4.0_vf'!Y$13:Y$765,1/LARGE(INDEX(('신규_변경부품List v4.0_vf'!$AF$13:$AF$765="○")/ROW('신규_변경부품List v4.0_vf'!$AF$13:$AF$765),),ROW('신규_변경부품List v4.0_vf'!$A6))-12,1),"")} -> c | F14: {=IFERROR(INDEX('신규_변경부품List v4.0_vf'!Z$13:Z$765,1/LARGE(INDEX(('신규_변경부품List v4.0_vf'!$AF$13:$AF$765="○")/ROW('신규_변경부품List v4.0_vf'!$AF$13:$AF$765),),ROW('신규_변경부품List v4.0_vf'!$A6))-12,1),"")} -> x | G14: {=IFERROR(INDEX('신규_변경부품List v4.0_vf'!AA$13:AA$765,1/LARGE(INDEX(('신규_변경부품List v4.0_vf'!$AF$13:$AF$765="○")/ROW('신규_변경부품List v4.0_vf'!$AF$13:$AF$765),),ROW('신규_변경부품List v4.0_vf'!$A6))-12,1),"")} -> x | H14: {=IFERROR(INDEX('신규_변경부품List v4.0_vf'!AB$13:AB$765,1/LARGE(INDEX(('신규_변경부품List v4.0_vf'!$AF$13:$AF$765="○")/ROW('신규_변경부품List v4.0_vf'!$AF$13:$AF$765),),ROW('신규_변경부품List v4.0_vf'!$A6))-12,1),"")} -> x | I14: {=IFERROR(INDEX('신규_변경부품List v4.0_vf'!AC$13:AC$765,1/LARGE(INDEX(('신규_변경부품List v4.0_vf'!$AF$13:$AF$765="○")/ROW('신규_변경부품List v4.0_vf'!$AF$13:$AF$765),),ROW('신규_변경부품List v4.0_vf'!$A6))-12,1),"")} -> x | J14: {=IFERROR(INDEX('신규_변경부품List v4.0_vf'!AD$13:AD$765,1/LARGE(INDEX(('신규_변경부품List v4.0_vf'!$AF$13:$AF$765="○")/ROW('신규_변경부품List v4.0_vf'!$AF$13:$AF$765),),ROW('신규_변경부품List v4.0_vf'!$A6))-12,1),"")} -> x | K14: {=IFERROR(INDEX('신규_변경부품List v4.0_vf'!AE$13:AE$765,1/LARGE(INDEX(('신규_변경부품List v4.0_vf'!$AF$13:$AF$765="○")/ROW('신규_변경부품List v4.0_vf'!$AF$13:$AF$765),),ROW('신규_변경부품List v4.0_vf'!$A6))-12,1),"")} -> x | L14: {=IFERROR(INDEX('신규_변경부품List v4.0_vf'!AF$13:AF$765,1/LARGE(INDEX(('신규_변경부품List v4.0_vf'!$AF$13:$AF$765="○")/ROW('신규_변경부품List v4.0_vf'!$AF$13:$AF$765),),ROW('신규_변경부품List v4.0_vf'!$A6))-12,1),"")} -> ○ | ... N14: {=IFERROR(INDEX('신규_변경부품List v4.0_vf'!AH$13:AH$765,1/LARGE(INDEX(('신규_변경부품List v4.0_vf'!$AF$13:$AF$765="○")/ROW('신규_변경부품List v4.0_vf'!$AF$13:$AF$765),),ROW('신규_변경부품List v4.0_vf'!$A6))-12,1),"")} -> 기존 거래 업체 / 기존 공법 / 기존 재질 적용된 단순 하위 부품 변경 으로 c급 선정
A15: {=IFERROR(INDEX('신규_변경부품List v4.0_vf'!$W$13:$W$765,1/LARGE(INDEX(('신규_변경부품List v4.0_vf'!$AF$13:$AF$765="○")/ROW('신규_변경부품List v4.0_vf'!$AF$13:$AF$765),),ROW('신규_변경부품List v4.0_vf'!$A7))-12,1),"")} -> 기미전자 | B15: {=IFERROR(INDEX('신규_변경부품List v4.0_vf'!$J$13:$J$765,1/LARGE(INDEX(('신규_변경부품List v4.0_vf'!$AF$13:$AF$765="○")/ROW('신규_변경부품List v4.0_vf'!$AF$13:$AF$765),),ROW('신규_변경부품List v4.0_vf'!$A7))-12,1),"")} -> Door Assembly,Full | C15: {=IFERROR(INDEX('신규_변경부품List v4.0_vf'!$I$13:$I$765,1/LARGE(INDEX(('신규_변경부품List v4.0_vf'!$AF$13:$AF$765="○")/ROW('신규_변경부품List v4.0_vf'!$AF$13:$AF$765),),ROW('신규_변경부품List v4.0_vf'!$A7))-12,1),"")} -> ADC30051023 | D15: =COUNTIF($C$1:$C14,C15) -> 0 | E15: {=IFERROR(INDEX('신규_변경부품List v4.0_vf'!Y$13:Y$765,1/LARGE(INDEX(('신규_변경부품List v4.0_vf'!$AF$13:$AF$765="○")/ROW('신규_변경부품List v4.0_vf'!$AF$13:$AF$765),),ROW('신규_변경부품List v4.0_vf'!$A7))-12,1),"")} -> c | F15: {=IFERROR(INDEX('신규_변경부품List v4.0_vf'!Z$13:Z$765,1/LARGE(INDEX(('신규_변경부품List v4.0_vf'!$AF$13:$AF$765="○")/ROW('신규_변경부품List v4.0_vf'!$AF$13:$AF$765),),ROW('신규_변경부품List v4.0_vf'!$A7))-12,1),"")} -> x | G15: {=IFERROR(INDEX('신규_변경부품List v4.0_vf'!AA$13:AA$765,1/LARGE(INDEX(('신규_변경부품List v4.0_vf'!$AF$13:$AF$765="○")/ROW('신규_변경부품List v4.0_vf'!$AF$13:$AF$765),),ROW('신규_변경부품List v4.0_vf'!$A7))-12,1),"")} -> x | H15: {=IFERROR(INDEX('신규_변경부품List v4.0_vf'!AB$13:AB$765,1/LARGE(INDEX(('신규_변경부품List v4.0_vf'!$AF$13:$AF$765="○")/ROW('신규_변경부품List v4.0_vf'!$AF$13:$AF$765),),ROW('신규_변경부품List v4.0_vf'!$A7))-12,1),"")} -> x | I15: {=IFERROR(INDEX('신규_변경부품List v4.0_vf'!AC$13:AC$765,1/LARGE(INDEX(('신규_변경부품List v4.0_vf'!$AF$13:$AF$765="○")/ROW('신규_변경부품List v4.0_vf'!$AF$13:$AF$765),),ROW('신규_변경부품List v4.0_vf'!$A7))-12,1),"")} -> x | J15: {=IFERROR(INDEX('신규_변경부품List v4.0_vf'!AD$13:AD$765,1/LARGE(INDEX(('신규_변경부품List v4.0_vf'!$AF$13:$AF$765="○")/ROW('신규_변경부품List v4.0_vf'!$AF$13:$AF$765),),ROW('신규_변경부품List v4.0_vf'!$A7))-12,1),"")} -> x | K15: {=IFERROR(INDEX('신규_변경부품List v4.0_vf'!AE$13:AE$765,1/LARGE(INDEX(('신규_변경부품List v4.0_vf'!$AF$13:$AF$765="○")/ROW('신규_변경부품List v4.0_vf'!$AF$13:$AF$765),),ROW('신규_변경부품List v4.0_vf'!$A7))-12,1),"")} -> x | L15: {=IFERROR(INDEX('신규_변경부품List v4.0_vf'!AF$13:AF$765,1/LARGE(INDEX(('신규_변경부품List v4.0_vf'!$AF$13:$AF$765="○")/ROW('신규_변경부품List v4.0_vf'!$AF$13:$AF$765),),ROW('신규_변경부품List v4.0_vf'!$A7))-12,1),"")} -> ○ | ... N15: {=IFERROR(INDEX('신규_변경부품List v4.0_vf'!AH$13:AH$765,1/LARGE(INDEX(('신규_변경부품List v4.0_vf'!$AF$13:$AF$765="○")/ROW('신규_변경부품List v4.0_vf'!$AF$13:$AF$765),),ROW('신규_변경부품List v4.0_vf'!$A7))-12,1),"")} -> 기존 거래 업체 / 기존 공법 / 기존 재질 적용된 단순 하위 부품 변경 으로 c급 선정
A16: {=IFERROR(INDEX('신규_변경부품List v4.0_vf'!$W$13:$W$765,1/LARGE(INDEX(('신규_변경부품List v4.0_vf'!$AF$13:$AF$765="○")/ROW('신규_변경부품List v4.0_vf'!$AF$13:$AF$765),),ROW('신규_변경부품List v4.0_vf'!$A8))-12,1),"")} -> 기미전자 | B16: {=IFERROR(INDEX('신규_변경부품List v4.0_vf'!$J$13:$J$765,1/LARGE(INDEX(('신규_변경부품List v4.0_vf'!$AF$13:$AF$765="○")/ROW('신규_변경부품List v4.0_vf'!$AF$13:$AF$765),),ROW('신규_변경부품List v4.0_vf'!$A8))-12,1),"")} -> Door Assembly,Sub | C16: {=IFERROR(INDEX('신규_변경부품List v4.0_vf'!$I$13:$I$765,1/LARGE(INDEX(('신규_변경부품List v4.0_vf'!$AF$13:$AF$765="○")/ROW('신규_변경부품List v4.0_vf'!$AF$13:$AF$765),),ROW('신규_변경부품List v4.0_vf'!$A8))-12,1),"")} -> ADC30051709 | D16: =COUNTIF($C$1:$C15,C16) -> 0 | E16: {=IFERROR(INDEX('신규_변경부품List v4.0_vf'!Y$13:Y$765,1/LARGE(INDEX(('신규_변경부품List v4.0_vf'!$AF$13:$AF$765="○")/ROW('신규_변경부품List v4.0_vf'!$AF$13:$AF$765),),ROW('신규_변경부품List v4.0_vf'!$A8))-12,1),"")} -> c | F16: {=IFERROR(INDEX('신규_변경부품List v4.0_vf'!Z$13:Z$765,1/LARGE(INDEX(('신규_변경부품List v4.0_vf'!$AF$13:$AF$765="○")/ROW('신규_변경부품List v4.0_vf'!$AF$13:$AF$765),),ROW('신규_변경부품List v4.0_vf'!$A8))-12,1),"")} -> x | G16: {=IFERROR(INDEX('신규_변경부품List v4.0_vf'!AA$13:AA$765,1/LARGE(INDEX(('신규_변경부품List v4.0_vf'!$AF$13:$AF$765="○")/ROW('신규_변경부품List v4.0_vf'!$AF$13:$AF$765),),ROW('신규_변경부품List v4.0_vf'!$A8))-12,1),"")} -> x | H16: {=IFERROR(INDEX('신규_변경부품List v4.0_vf'!AB$13:AB$765,1/LARGE(INDEX(('신규_변경부품List v4.0_vf'!$AF$13:$AF$765="○")/ROW('신규_변경부품List v4.0_vf'!$AF$13:$AF$765),),ROW('신규_변경부품List v4.0_vf'!$A8))-12,1),"")} -> x | I16: {=IFERROR(INDEX('신규_변경부품List v4.0_vf'!AC$13:AC$765,1/LARGE(INDEX(('신규_변경부품List v4.0_vf'!$AF$13:$AF$765="○")/ROW('신규_변경부품List v4.0_vf'!$AF$13:$AF$765),),ROW('신규_변경부품List v4.0_vf'!$A8))-12,1),"")} -> x | J16: {=IFERROR(INDEX('신규_변경부품List v4.0_vf'!AD$13:AD$765,1/LARGE(INDEX(('신규_변경부품List v4.0_vf'!$AF$13:$AF$765="○")/ROW('신규_변경부품List v4.0_vf'!$AF$13:$AF$765),),ROW('신규_변경부품List v4.0_vf'!$A8))-12,1),"")} -> x | K16: {=IFERROR(INDEX('신규_변경부품List v4.0_vf'!AE$13:AE$765,1/LARGE(INDEX(('신규_변경부품List v4.0_vf'!$AF$13:$AF$765="○")/ROW('신규_변경부품List v4.0_vf'!$AF$13:$AF$765),),ROW('신규_변경부품List v4.0_vf'!$A8))-12,1),"")} -> x | L16: {=IFERROR(INDEX('신규_변경부품List v4.0_vf'!AF$13:AF$765,1/LARGE(INDEX(('신규_변경부품List v4.0_vf'!$AF$13:$AF$765="○")/ROW('신규_변경부품List v4.0_vf'!$AF$13:$AF$765),),ROW('신규_변경부품List v4.0_vf'!$A8))-12,1),"")} -> ○ | ... N16: {=IFERROR(INDEX('신규_변경부품List v4.0_vf'!AH$13:AH$765,1/LARGE(INDEX(('신규_변경부품List v4.0_vf'!$AF$13:$AF$765="○")/ROW('신규_변경부품List v4.0_vf'!$AF$13:$AF$765),),ROW('신규_변경부품List v4.0_vf'!$A8))-12,1),"")} -> 기존 거래 업체 / 기존 공법 / 기존 재질 적용된 단순 하위 부품 변경 으로 c급 선정
A17: {=IFERROR(INDEX('신규_변경부품List v4.0_vf'!$W$13:$W$765,1/LARGE(INDEX(('신규_변경부품List v4.0_vf'!$AF$13:$AF$765="○")/ROW('신규_변경부품List v4.0_vf'!$AF$13:$AF$765),),ROW('신규_변경부품List v4.0_vf'!$A9))-12,1),"")} -> 기미전자 | B17: {=IFERROR(INDEX('신규_변경부품List v4.0_vf'!$J$13:$J$765,1/LARGE(INDEX(('신규_변경부품List v4.0_vf'!$AF$13:$AF$765="○")/ROW('신규_변경부품List v4.0_vf'!$AF$13:$AF$765),),ROW('신규_변경부품List v4.0_vf'!$A9))-12,1),"")} -> Decor,Front | C17: {=IFERROR(INDEX('신규_변경부품List v4.0_vf'!$I$13:$I$765,1/LARGE(INDEX(('신규_변경부품List v4.0_vf'!$AF$13:$AF$765="○")/ROW('신규_변경부품List v4.0_vf'!$AF$13:$AF$765),),ROW('신규_변경부품List v4.0_vf'!$A9))-12,1),"")} -> MCR68408206 | D17: =COUNTIF($C$1:$C16,C17) -> 0 | E17: {=IFERROR(INDEX('신규_변경부품List v4.0_vf'!Y$13:Y$765,1/LARGE(INDEX(('신규_변경부품List v4.0_vf'!$AF$13:$AF$765="○")/ROW('신규_변경부품List v4.0_vf'!$AF$13:$AF$765),),ROW('신규_변경부품List v4.0_vf'!$A9))-12,1),"")} -> c | F17: {=IFERROR(INDEX('신규_변경부품List v4.0_vf'!Z$13:Z$765,1/LARGE(INDEX(('신규_변경부품List v4.0_vf'!$AF$13:$AF$765="○")/ROW('신규_변경부품List v4.0_vf'!$AF$13:$AF$765),),ROW('신규_변경부품List v4.0_vf'!$A9))-12,1),"")} -> x | G17: {=IFERROR(INDEX('신규_변경부품List v4.0_vf'!AA$13:AA$765,1/LARGE(INDEX(('신규_변경부품List v4.0_vf'!$AF$13:$AF$765="○")/ROW('신규_변경부품List v4.0_vf'!$AF$13:$AF$765),),ROW('신규_변경부품List v4.0_vf'!$A9))-12,1),"")} -> x | H17: {=IFERROR(INDEX('신규_변경부품List v4.0_vf'!AB$13:AB$765,1/LARGE(INDEX(('신규_변경부품List v4.0_vf'!$AF$13:$AF$765="○")/ROW('신규_변경부품List v4.0_vf'!$AF$13:$AF$765),),ROW('신규_변경부품List v4.0_vf'!$A9))-12,1),"")} -> x | I17: {=IFERROR(INDEX('신규_변경부품List v4.0_vf'!AC$13:AC$765,1/LARGE(INDEX(('신규_변경부품List v4.0_vf'!$AF$13:$AF$765="○")/ROW('신규_변경부품List v4.0_vf'!$AF$13:$AF$765),),ROW('신규_변경부품List v4.0_vf'!$A9))-12,1),"")} -> x | J17: {=IFERROR(INDEX('신규_변경부품List v4.0_vf'!AD$13:AD$765,1/LARGE(INDEX(('신규_변경부품List v4.0_vf'!$AF$13:$AF$765="○")/ROW('신규_변경부품List v4.0_vf'!$AF$13:$AF$765),),ROW('신규_변경부품List v4.0_vf'!$A9))-12,1),"")} -> x | K17: {=IFERROR(INDEX('신규_변경부품List v4.0_vf'!AE$13:AE$765,1/LARGE(INDEX(('신규_변경부품List v4.0_vf'!$AF$13:$AF$765="○")/ROW('신규_변경부품List v4.0_vf'!$AF$13:$AF$765),),ROW('신규_변경부품List v4.0_vf'!$A9))-12,1),"")} -> x | L17: {=IFERROR(INDEX('신규_변경부품List v4.0_vf'!AF$13:AF$765,1/LARGE(INDEX(('신규_변경부품List v4.0_vf'!$AF$13:$AF$765="○")/ROW('신규_변경부품List v4.0_vf'!$AF$13:$AF$765),),ROW('신규_변경부품List v4.0_vf'!$A9))-12,1),"")} -> ○ | ... N17: {=IFERROR(INDEX('신규_변경부품List v4.0_vf'!AH$13:AH$765,1/LARGE(INDEX(('신규_변경부품List v4.0_vf'!$AF$13:$AF$765="○")/ROW('신규_변경부품List v4.0_vf'!$AF$13:$AF$765),),ROW('신규_변경부품List v4.0_vf'!$A9))-12,1),"")} -> 기존 거래 업체 / 기존 공법 / 기존 재질 적용된 단순 하위 부품 변경 으로 c급 선정
A18: {=IFERROR(INDEX('신규_변경부품List v4.0_vf'!$W$13:$W$765,1/LARGE(INDEX(('신규_변경부품List v4.0_vf'!$AF$13:$AF$765="○")/ROW('신규_변경부품List v4.0_vf'!$AF$13:$AF$765),),ROW('신규_변경부품List v4.0_vf'!$A10))-12,1),"")} -> 에스디이앤티(한덕) | B18: {=IFERROR(INDEX('신규_변경부품List v4.0_vf'!$J$13:$J$765,1/LARGE(INDEX(('신규_변경부품List v4.0_vf'!$AF$13:$AF$765="○")/ROW('신규_변경부품List v4.0_vf'!$AF$13:$AF$765),),ROW('신규_변경부품List v4.0_vf'!$A10))-12,1),"")} -> Handle,Door | C18: {=IFERROR(INDEX('신규_변경부품List v4.0_vf'!$I$13:$I$765,1/LARGE(INDEX(('신규_변경부품List v4.0_vf'!$AF$13:$AF$765="○")/ROW('신규_변경부품List v4.0_vf'!$AF$13:$AF$765),),ROW('신규_변경부품List v4.0_vf'!$A10))-12,1),"")} -> AED30153303 | D18: =COUNTIF($C$1:$C17,C18) -> 1 | E18: {=IFERROR(INDEX('신규_변경부품List v4.0_vf'!Y$13:Y$765,1/LARGE(INDEX(('신규_변경부품List v4.0_vf'!$AF$13:$AF$765="○")/ROW('신규_변경부품List v4.0_vf'!$AF$13:$AF$765),),ROW('신규_변경부품List v4.0_vf'!$A10))-12,1),"")} -> c | F18: {=IFERROR(INDEX('신규_변경부품List v4.0_vf'!Z$13:Z$765,1/LARGE(INDEX(('신규_변경부품List v4.0_vf'!$AF$13:$AF$765="○")/ROW('신규_변경부품List v4.0_vf'!$AF$13:$AF$765),),ROW('신규_변경부품List v4.0_vf'!$A10))-12,1),"")} -> x | G18: {=IFERROR(INDEX('신규_변경부품List v4.0_vf'!AA$13:AA$765,1/LARGE(INDEX(('신규_변경부품List v4.0_vf'!$AF$13:$AF$765="○")/ROW('신규_변경부품List v4.0_vf'!$AF$13:$AF$765),),ROW('신규_변경부품List v4.0_vf'!$A10))-12,1),"")} -> x | H18: {=IFERROR(INDEX('신규_변경부품List v4.0_vf'!AB$13:AB$765,1/LARGE(INDEX(('신규_변경부품List v4.0_vf'!$AF$13:$AF$765="○")/ROW('신규_변경부품List v4.0_vf'!$AF$13:$AF$765),),ROW('신규_변경부품List v4.0_vf'!$A10))-12,1),"")} -> x | I18: {=IFERROR(INDEX('신규_변경부품List v4.0_vf'!AC$13:AC$765,1/LARGE(INDEX(('신규_변경부품List v4.0_vf'!$AF$13:$AF$765="○")/ROW('신규_변경부품List v4.0_vf'!$AF$13:$AF$765),),ROW('신규_변경부품List v4.0_vf'!$A10))-12,1),"")} -> x | J18: {=IFERROR(INDEX('신규_변경부품List v4.0_vf'!AD$13:AD$765,1/LARGE(INDEX(('신규_변경부품List v4.0_vf'!$AF$13:$AF$765="○")/ROW('신규_변경부품List v4.0_vf'!$AF$13:$AF$765),),ROW('신규_변경부품List v4.0_vf'!$A10))-12,1),"")} -> x | K18: {=IFERROR(INDEX('신규_변경부품List v4.0_vf'!AE$13:AE$765,1/LARGE(INDEX(('신규_변경부품List v4.0_vf'!$AF$13:$AF$765="○")/ROW('신규_변경부품List v4.0_vf'!$AF$13:$AF$765),),ROW('신규_변경부품List v4.0_vf'!$A10))-12,1),"")} -> x | L18: {=IFERROR(INDEX('신규_변경부품List v4.0_vf'!AF$13:AF$765,1/LARGE(INDEX(('신규_변경부품List v4.0_vf'!$AF$13:$AF$765="○")/ROW('신규_변경부품List v4.0_vf'!$AF$13:$AF$765),),ROW('신규_변경부품List v4.0_vf'!$A10))-12,1),"")} -> ○ | ... N18: {=IFERROR(INDEX('신규_변경부품List v4.0_vf'!AH$13:AH$765,1/LARGE(INDEX(('신규_변경부품List v4.0_vf'!$AF$13:$AF$765="○")/ROW('신규_변경부품List v4.0_vf'!$AF$13:$AF$765),),ROW('신규_변경부품List v4.0_vf'!$A10))-12,1),"")} -> 기존 거래 업체 / 기존 공법 / 기존 재질 적용된 단순 하위 부품 변경 으로 c급 선정
A19: {=IFERROR(INDEX('신규_변경부품List v4.0_vf'!$W$13:$W$765,1/LARGE(INDEX(('신규_변경부품List v4.0_vf'!$AF$13:$AF$765="○")/ROW('신규_변경부품List v4.0_vf'!$AF$13:$AF$765),),ROW('신규_변경부품List v4.0_vf'!$A11))-12,1),"")} -> 에스디이앤티(한덕) | B19: {=IFERROR(INDEX('신규_변경부품List v4.0_vf'!$J$13:$J$765,1/LARGE(INDEX(('신규_변경부품List v4.0_vf'!$AF$13:$AF$765="○")/ROW('신규_변경부품List v4.0_vf'!$AF$13:$AF$765),),ROW('신규_변경부품List v4.0_vf'!$A11))-12,1),"")} -> Holder,Bracket | C19: {=IFERROR(INDEX('신규_변경부품List v4.0_vf'!$I$13:$I$765,1/LARGE(INDEX(('신규_변경부품List v4.0_vf'!$AF$13:$AF$765="○")/ROW('신규_변경부품List v4.0_vf'!$AF$13:$AF$765),),ROW('신규_변경부품List v4.0_vf'!$A11))-12,1),"")} -> MEG66749803 | D19: =COUNTIF($C$1:$C18,C19) -> 1 | E19: {=IFERROR(INDEX('신규_변경부품List v4.0_vf'!Y$13:Y$765,1/LARGE(INDEX(('신규_변경부품List v4.0_vf'!$AF$13:$AF$765="○")/ROW('신규_변경부품List v4.0_vf'!$AF$13:$AF$765),),ROW('신규_변경부품List v4.0_vf'!$A11))-12,1),"")} -> c | F19: {=IFERROR(INDEX('신규_변경부품List v4.0_vf'!Z$13:Z$765,1/LARGE(INDEX(('신규_변경부품List v4.0_vf'!$AF$13:$AF$765="○")/ROW('신규_변경부품List v4.0_vf'!$AF$13:$AF$765),),ROW('신규_변경부품List v4.0_vf'!$A11))-12,1),"")} -> x | G19: {=IFERROR(INDEX('신규_변경부품List v4.0_vf'!AA$13:AA$765,1/LARGE(INDEX(('신규_변경부품List v4.0_vf'!$AF$13:$AF$765="○")/ROW('신규_변경부품List v4.0_vf'!$AF$13:$AF$765),),ROW('신규_변경부품List v4.0_vf'!$A11))-12,1),"")} -> x | H19: {=IFERROR(INDEX('신규_변경부품List v4.0_vf'!AB$13:AB$765,1/LARGE(INDEX(('신규_변경부품List v4.0_vf'!$AF$13:$AF$765="○")/ROW('신규_변경부품List v4.0_vf'!$AF$13:$AF$765),),ROW('신규_변경부품List v4.0_vf'!$A11))-12,1),"")} -> x | I19: {=IFERROR(INDEX('신규_변경부품List v4.0_vf'!AC$13:AC$765,1/LARGE(INDEX(('신규_변경부품List v4.0_vf'!$AF$13:$AF$765="○")/ROW('신규_변경부품List v4.0_vf'!$AF$13:$AF$765),),ROW('신규_변경부품List v4.0_vf'!$A11))-12,1),"")} -> x | J19: {=IFERROR(INDEX('신규_변경부품List v4.0_vf'!AD$13:AD$765,1/LARGE(INDEX(('신규_변경부품List v4.0_vf'!$AF$13:$AF$765="○")/ROW('신규_변경부품List v4.0_vf'!$AF$13:$AF$765),),ROW('신규_변경부품List v4.0_vf'!$A11))-12,1),"")} -> x | K19: {=IFERROR(INDEX('신규_변경부품List v4.0_vf'!AE$13:AE$765,1/LARGE(INDEX(('신규_변경부품List v4.0_vf'!$AF$13:$AF$765="○")/ROW('신규_변경부품List v4.0_vf'!$AF$13:$AF$765),),ROW('신규_변경부품List v4.0_vf'!$A11))-12,1),"")} -> x | L19: {=IFERROR(INDEX('신규_변경부품List v4.0_vf'!AF$13:AF$765,1/LARGE(INDEX(('신규_변경부품List v4.0_vf'!$AF$13:$AF$765="○")/ROW('신규_변경부품List v4.0_vf'!$AF$13:$AF$765),),ROW('신규_변경부품List v4.0_vf'!$A11))-12,1),"")} -> ○ | ... N19: {=IFERROR(INDEX('신규_변경부품List v4.0_vf'!AH$13:AH$765,1/LARGE(INDEX(('신규_변경부품List v4.0_vf'!$AF$13:$AF$765="○")/ROW('신규_변경부품List v4.0_vf'!$AF$13:$AF$765),),ROW('신규_변경부품List v4.0_vf'!$A11))-12,1),"")} -> 기존 거래 업체 / 기존 공법 / 기존 재질 적용된 단순 하위 부품 변경 으로 c급 선정
A20: {=IFERROR(INDEX('신규_변경부품List v4.0_vf'!$W$13:$W$765,1/LARGE(INDEX(('신규_변경부품List v4.0_vf'!$AF$13:$AF$765="○")/ROW('신규_변경부품List v4.0_vf'!$AF$13:$AF$765),),ROW('신규_변경부품List v4.0_vf'!$A12))-12,1),"")} -> 신신사 | B20: {=IFERROR(INDEX('신규_변경부품List v4.0_vf'!$J$13:$J$765,1/LARGE(INDEX(('신규_변경부품List v4.0_vf'!$AF$13:$AF$765="○")/ROW('신규_변경부품List v4.0_vf'!$AF$13:$AF$765),),ROW('신규_변경부품List v4.0_vf'!$A12))-12,1),"")} -> Controller Assembly,Mechanical | C20: {=IFERROR(INDEX('신규_변경부품List v4.0_vf'!$I$13:$I$765,1/LARGE(INDEX(('신규_변경부품List v4.0_vf'!$AF$13:$AF$765="○")/ROW('신규_변경부품List v4.0_vf'!$AF$13:$AF$765),),ROW('신규_변경부품List v4.0_vf'!$A12))-12,1),"")} -> ACM76195078 | D20: =COUNTIF($C$1:$C19,C20) -> 0 | E20: {=IFERROR(INDEX('신규_변경부품List v4.0_vf'!Y$13:Y$765,1/LARGE(INDEX(('신규_변경부품List v4.0_vf'!$AF$13:$AF$765="○")/ROW('신규_변경부품List v4.0_vf'!$AF$13:$AF$765),),ROW('신규_변경부품List v4.0_vf'!$A12))-12,1),"")} -> c | F20: {=IFERROR(INDEX('신규_변경부품List v4.0_vf'!Z$13:Z$765,1/LARGE(INDEX(('신규_변경부품List v4.0_vf'!$AF$13:$AF$765="○")/ROW('신규_변경부품List v4.0_vf'!$AF$13:$AF$765),),ROW('신규_변경부품List v4.0_vf'!$A12))-12,1),"")} -> x | G20: {=IFERROR(INDEX('신규_변경부품List v4.0_vf'!AA$13:AA$765,1/LARGE(INDEX(('신규_변경부품List v4.0_vf'!$AF$13:$AF$765="○")/ROW('신규_변경부품List v4.0_vf'!$AF$13:$AF$765),),ROW('신규_변경부품List v4.0_vf'!$A12))-12,1),"")} -> x | H20: {=IFERROR(INDEX('신규_변경부품List v4.0_vf'!AB$13:AB$765,1/LARGE(INDEX(('신규_변경부품List v4.0_vf'!$AF$13:$AF$765="○")/ROW('신규_변경부품List v4.0_vf'!$AF$13:$AF$765),),ROW('신규_변경부품List v4.0_vf'!$A12))-12,1),"")} -> x | I20: {=IFERROR(INDEX('신규_변경부품List v4.0_vf'!AC$13:AC$765,1/LARGE(INDEX(('신규_변경부품List v4.0_vf'!$AF$13:$AF$765="○")/ROW('신규_변경부품List v4.0_vf'!$AF$13:$AF$765),),ROW('신규_변경부품List v4.0_vf'!$A12))-12,1),"")} -> x | J20: {=IFERROR(INDEX('신규_변경부품List v4.0_vf'!AD$13:AD$765,1/LARGE(INDEX(('신규_변경부품List v4.0_vf'!$AF$13:$AF$765="○")/ROW('신규_변경부품List v4.0_vf'!$AF$13:$AF$765),),ROW('신규_변경부품List v4.0_vf'!$A12))-12,1),"")} -> x | K20: {=IFERROR(INDEX('신규_변경부품List v4.0_vf'!AE$13:AE$765,1/LARGE(INDEX(('신규_변경부품List v4.0_vf'!$AF$13:$AF$765="○")/ROW('신규_변경부품List v4.0_vf'!$AF$13:$AF$765),),ROW('신규_변경부품List v4.0_vf'!$A12))-12,1),"")} -> x | L20: {=IFERROR(INDEX('신규_변경부품List v4.0_vf'!AF$13:AF$765,1/LARGE(INDEX(('신규_변경부품List v4.0_vf'!$AF$13:$AF$765="○")/ROW('신규_변경부품List v4.0_vf'!$AF$13:$AF$765),),ROW('신규_변경부품List v4.0_vf'!$A12))-12,1),"")} -> ○ | ... N20: {=IFERROR(INDEX('신규_변경부품List v4.0_vf'!AH$13:AH$765,1/LARGE(INDEX(('신규_변경부품List v4.0_vf'!$AF$13:$AF$765="○")/ROW('신규_변경부품List v4.0_vf'!$AF$13:$AF$765),),ROW('신규_변경부품List v4.0_vf'!$A12))-12,1),"")} -> 기존 거래 업체 / 기존 공법 / 기존 재질 적용된 단순 하위 부품 변경 으로 c급 선정
... A26: {=IFERROR(INDEX('신규_변경부품List v4.0_vf'!$W$13:$W$765,1/LARGE(INDEX(('신규_변경부품List v4.0_vf'!$AF$13:$AF$765="○")/ROW('신규_변경부품List v4.0_vf'!$AF$13:$AF$765),),ROW('신규_변경부품List v4.0_vf'!$A18))-12,1),"")} -> 기미전자 | B26: {=IFERROR(INDEX('신규_변경부품List v4.0_vf'!$J$13:$J$765,1/LARGE(INDEX(('신규_변경부품List v4.0_vf'!$AF$13:$AF$765="○")/ROW('신규_변경부품List v4.0_vf'!$AF$13:$AF$765),),ROW('신규_변경부품List v4.0_vf'!$A18))-12,1),"")} -> Decor,Front | C26: {=IFERROR(INDEX('신규_변경부품List v4.0_vf'!$I$13:$I$765,1/LARGE(INDEX(('신규_변경부품List v4.0_vf'!$AF$13:$AF$765="○")/ROW('신규_변경부품List v4.0_vf'!$AF$13:$AF$765),),ROW('신규_변경부품List v4.0_vf'!$A18))-12,1),"")} -> MCR68408309 | D26: =COUNTIF($C$1:$C25,C26) -> 1 | E26: {=IFERROR(INDEX('신규_변경부품List v4.0_vf'!Y$13:Y$765,1/LARGE(INDEX(('신규_변경부품List v4.0_vf'!$AF$13:$AF$765="○")/ROW('신규_변경부품List v4.0_vf'!$AF$13:$AF$765),),ROW('신규_변경부품List v4.0_vf'!$A18))-12,1),"")} -> c | F26: {=IFERROR(INDEX('신규_변경부품List v4.0_vf'!Z$13:Z$765,1/LARGE(INDEX(('신규_변경부품List v4.0_vf'!$AF$13:$AF$765="○")/ROW('신규_변경부품List v4.0_vf'!$AF$13:$AF$765),),ROW('신규_변경부품List v4.0_vf'!$A18))-12,1),"")} -> x | G26: {=IFERROR(INDEX('신규_변경부품List v4.0_vf'!AA$13:AA$765,1/LARGE(INDEX(('신규_변경부품List v4.0_vf'!$AF$13:$AF$765="○")/ROW('신규_변경부품List v4.0_vf'!$AF$13:$AF$765),),ROW('신규_변경부품List v4.0_vf'!$A18))-12,1),"")} -> x | H26: {=IFERROR(INDEX('신규_변경부품List v4.0_vf'!AB$13:AB$765,1/LARGE(INDEX(('신규_변경부품List v4.0_vf'!$AF$13:$AF$765="○")/ROW('신규_변경부품List v4.0_vf'!$AF$13:$AF$765),),ROW('신규_변경부품List v4.0_vf'!$A18))-12,1),"")} -> x | I26: {=IFERROR(INDEX('신규_변경부품List v4.0_vf'!AC$13:AC$765,1/LARGE(INDEX(('신규_변경부품List v4.0_vf'!$AF$13:$AF$765="○")/ROW('신규_변경부품List v4.0_vf'!$AF$13:$AF$765),),ROW('신규_변경부품List v4.0_vf'!$A18))-12,1),"")} -> x | J26: {=IFERROR(INDEX('신규_변경부품List v4.0_vf'!AD$13:AD$765,1/LARGE(INDEX(('신규_변경부품List v4.0_vf'!$AF$13:$AF$765="○")/ROW('신규_변경부품List v4.0_vf'!$AF$13:$AF$765),),ROW('신규_변경부품List v4.0_vf'!$A18))-12,1),"")} -> x | K26: {=IFERROR(INDEX('신규_변경부품List v4.0_vf'!AE$13:AE$765,1/LARGE(INDEX(('신규_변경부품List v4.0_vf'!$AF$13:$AF$765="○")/ROW('신규_변경부품List v4.0_vf'!$AF$13:$AF$765),),ROW('신규_변경부품List v4.0_vf'!$A18))-12,1),"")} -> x | L26: {=IFERROR(INDEX('신규_변경부품List v4.0_vf'!AF$13:AF$765,1/LARGE(INDEX(('신규_변경부품List v4.0_vf'!$AF$13:$AF$765="○")/ROW('신규_변경부품List v4.0_vf'!$AF$13:$AF$765),),ROW('신규_변경부품List v4.0_vf'!$A18))-12,1),"")} -> ○ | ... N26: {=IFERROR(INDEX('신규_변경부품List v4.0_vf'!AH$13:AH$765,1/LARGE(INDEX(('신규_변경부품List v4.0_vf'!$AF$13:$AF$765="○")/ROW('신규_변경부품List v4.0_vf'!$AF$13:$AF$765),),ROW('신규_변경부품List v4.0_vf'!$A18))-12,1),"")} -> 기존 거래 업체 / 기존 공법 / 기존 재질 적용된 단순 하위 부품 변경 으로 c급 선정
A27: {=IFERROR(INDEX('신규_변경부품List v4.0_vf'!$W$13:$W$765,1/LARGE(INDEX(('신규_변경부품List v4.0_vf'!$AF$13:$AF$765="○")/ROW('신규_변경부품List v4.0_vf'!$AF$13:$AF$765),),ROW('신규_변경부품List v4.0_vf'!$A19))-12,1),"")} | B27: {=IFERROR(INDEX('신규_변경부품List v4.0_vf'!$J$13:$J$765,1/LARGE(INDEX(('신규_변경부품List v4.0_vf'!$AF$13:$AF$765="○")/ROW('신규_변경부품List v4.0_vf'!$AF$13:$AF$765),),ROW('신규_변경부품List v4.0_vf'!$A19))-12,1),"")} | C27: {=IFERROR(INDEX('신규_변경부품List v4.0_vf'!$I$13:$I$765,1/LARGE(INDEX(('신규_변경부품List v4.0_vf'!$AF$13:$AF$765="○")/ROW('신규_변경부품List v4.0_vf'!$AF$13:$AF$765),),ROW('신규_변경부품List v4.0_vf'!$A19))-12,1),"")} | E27: {=IFERROR(INDEX('신규_변경부품List v4.0_vf'!Y$13:Y$765,1/LARGE(INDEX(('신규_변경부품List v4.0_vf'!$AF$13:$AF$765="○")/ROW('신규_변경부품List v4.0_vf'!$AF$13:$AF$765),),ROW('신규_변경부품List v4.0_vf'!$A19))-12,1),"")} | F27: {=IFERROR(INDEX('신규_변경부품List v4.0_vf'!Z$13:Z$765,1/LARGE(INDEX(('신규_변경부품List v4.0_vf'!$AF$13:$AF$765="○")/ROW('신규_변경부품List v4.0_vf'!$AF$13:$AF$765),),ROW('신규_변경부품List v4.0_vf'!$A19))-12,1),"")} | G27: {=IFERROR(INDEX('신규_변경부품List v4.0_vf'!AA$13:AA$765,1/LARGE(INDEX(('신규_변경부품List v4.0_vf'!$AF$13:$AF$765="○")/ROW('신규_변경부품List v4.0_vf'!$AF$13:$AF$765),),ROW('신규_변경부품List v4.0_vf'!$A19))-12,1),"")} | H27: {=IFERROR(INDEX('신규_변경부품List v4.0_vf'!AB$13:AB$765,1/LARGE(INDEX(('신규_변경부품List v4.0_vf'!$AF$13:$AF$765="○")/ROW('신규_변경부품List v4.0_vf'!$AF$13:$AF$765),),ROW('신규_변경부품List v4.0_vf'!$A19))-12,1),"")} | I27: {=IFERROR(INDEX('신규_변경부품List v4.0_vf'!AC$13:AC$765,1/LARGE(INDEX(('신규_변경부품List v4.0_vf'!$AF$13:$AF$765="○")/ROW('신규_변경부품List v4.0_vf'!$AF$13:$AF$765),),ROW('신규_변경부품List v4.0_vf'!$A19))-12,1),"")} | J27: {=IFERROR(INDEX('신규_변경부품List v4.0_vf'!AD$13:AD$765,1/LARGE(INDEX(('신규_변경부품List v4.0_vf'!$AF$13:$AF$765="○")/ROW('신규_변경부품List v4.0_vf'!$AF$13:$AF$765),),ROW('신규_변경부품List v4.0_vf'!$A19))-12,1),"")} | K27: {=IFERROR(INDEX('신규_변경부품List v4.0_vf'!AE$13:AE$765,1/LARGE(INDEX(('신규_변경부품List v4.0_vf'!$AF$13:$AF$765="○")/ROW('신규_변경부품List v4.0_vf'!$AF$13:$AF$765),),ROW('신규_변경부품List v4.0_vf'!$A19))-12,1),"")} | L27: {=IFERROR(INDEX('신규_변경부품List v4.0_vf'!AF$13:AF$765,1/LARGE(INDEX(('신규_변경부품List v4.0_vf'!$AF$13:$AF$765="○")/ROW('신규_변경부품List v4.0_vf'!$AF$13:$AF$765),),ROW('신규_변경부품List v4.0_vf'!$A19))-12,1),"")} | ... N27: {=IFERROR(INDEX('신규_변경부품List v4.0_vf'!AH$13:AH$765,1/LARGE(INDEX(('신규_변경부품List v4.0_vf'!$AF$13:$AF$765="○")/ROW('신규_변경부품List v4.0_vf'!$AF$13:$AF$765),),ROW('신규_변경부품List v4.0_vf'!$A19))-12,1),"")}
A28: {=IFERROR(INDEX('신규_변경부품List v4.0_vf'!$W$13:$W$765,1/LARGE(INDEX(('신규_변경부품List v4.0_vf'!$AF$13:$AF$765="○")/ROW('신규_변경부품List v4.0_vf'!$AF$13:$AF$765),),ROW('신규_변경부품List v4.0_vf'!$A20))-12,1),"")} | B28: {=IFERROR(INDEX('신규_변경부품List v4.0_vf'!$J$13:$J$765,1/LARGE(INDEX(('신규_변경부품List v4.0_vf'!$AF$13:$AF$765="○")/ROW('신규_변경부품List v4.0_vf'!$AF$13:$AF$765),),ROW('신규_변경부품List v4.0_vf'!$A20))-12,1),"")} | C28: {=IFERROR(INDEX('신규_변경부품List v4.0_vf'!$I$13:$I$765,1/LARGE(INDEX(('신규_변경부품List v4.0_vf'!$AF$13:$AF$765="○")/ROW('신규_변경부품List v4.0_vf'!$AF$13:$AF$765),),ROW('신규_변경부품List v4.0_vf'!$A20))-12,1),"")} | E28: {=IFERROR(INDEX('신규_변경부품List v4.0_vf'!Y$13:Y$765,1/LARGE(INDEX(('신규_변경부품List v4.0_vf'!$AF$13:$AF$765="○")/ROW('신규_변경부품List v4.0_vf'!$AF$13:$AF$765),),ROW('신규_변경부품List v4.0_vf'!$A20))-12,1),"")} | F28: {=IFERROR(INDEX('신규_변경부품List v4.0_vf'!Z$13:Z$765,1/LARGE(INDEX(('신규_변경부품List v4.0_vf'!$AF$13:$AF$765="○")/ROW('신규_변경부품List v4.0_vf'!$AF$13:$AF$765),),ROW('신규_변경부품List v4.0_vf'!$A20))-12,1),"")} | G28: {=IFERROR(INDEX('신규_변경부품List v4.0_vf'!AA$13:AA$765,1/LARGE(INDEX(('신규_변경부품List v4.0_vf'!$AF$13:$AF$765="○")/ROW('신규_변경부품List v4.0_vf'!$AF$13:$AF$765),),ROW('신규_변경부품List v4.0_vf'!$A20))-12,1),"")} | H28: {=IFERROR(INDEX('신규_변경부품List v4.0_vf'!AB$13:AB$765,1/LARGE(INDEX(('신규_변경부품List v4.0_vf'!$AF$13:$AF$765="○")/ROW('신규_변경부품List v4.0_vf'!$AF$13:$AF$765),),ROW('신규_변경부품List v4.0_vf'!$A20))-12,1),"")} | I28: {=IFERROR(INDEX('신규_변경부품List v4.0_vf'!AC$13:AC$765,1/LARGE(INDEX(('신규_변경부품List v4.0_vf'!$AF$13:$AF$765="○")/ROW('신규_변경부품List v4.0_vf'!$AF$13:$AF$765),),ROW('신규_변경부품List v4.0_vf'!$A20))-12,1),"")} | J28: {=IFERROR(INDEX('신규_변경부품List v4.0_vf'!AD$13:AD$765,1/LARGE(INDEX(('신규_변경부품List v4.0_vf'!$AF$13:$AF$765="○")/ROW('신규_변경부품List v4.0_vf'!$AF$13:$AF$765),),ROW('신규_변경부품List v4.0_vf'!$A20))-12,1),"")} | K28: {=IFERROR(INDEX('신규_변경부품List v4.0_vf'!AE$13:AE$765,1/LARGE(INDEX(('신규_변경부품List v4.0_vf'!$AF$13:$AF$765="○")/ROW('신규_변경부품List v4.0_vf'!$AF$13:$AF$765),),ROW('신규_변경부품List v4.0_vf'!$A20))-12,1),"")} | L28: {=IFERROR(INDEX('신규_변경부품List v4.0_vf'!AF$13:AF$765,1/LARGE(INDEX(('신규_변경부품List v4.0_vf'!$AF$13:$AF$765="○")/ROW('신규_변경부품List v4.0_vf'!$AF$13:$AF$765),),ROW('신규_변경부품List v4.0_vf'!$A20))-12,1),"")} | ... N28: {=IFERROR(INDEX('신규_변경부품List v4.0_vf'!AH$13:AH$765,1/LARGE(INDEX(('신규_변경부품List v4.0_vf'!$AF$13:$AF$765="○")/ROW('신규_변경부품List v4.0_vf'!$AF$13:$AF$765),),ROW('신규_변경부품List v4.0_vf'!$A20))-12,1),"")}
A29: {=IFERROR(INDEX('신규_변경부품List v4.0_vf'!$W$13:$W$765,1/LARGE(INDEX(('신규_변경부품List v4.0_vf'!$AF$13:$AF$765="○")/ROW('신규_변경부품List v4.0_vf'!$AF$13:$AF$765),),ROW('신규_변경부품List v4.0_vf'!$A21))-12,1),"")} | B29: {=IFERROR(INDEX('신규_변경부품List v4.0_vf'!$J$13:$J$765,1/LARGE(INDEX(('신규_변경부품List v4.0_vf'!$AF$13:$AF$765="○")/ROW('신규_변경부품List v4.0_vf'!$AF$13:$AF$765),),ROW('신규_변경부품List v4.0_vf'!$A21))-12,1),"")} | C29: {=IFERROR(INDEX('신규_변경부품List v4.0_vf'!$I$13:$I$765,1/LARGE(INDEX(('신규_변경부품List v4.0_vf'!$AF$13:$AF$765="○")/ROW('신규_변경부품List v4.0_vf'!$AF$13:$AF$765),),ROW('신규_변경부품List v4.0_vf'!$A21))-12,1),"")} | E29: {=IFERROR(INDEX('신규_변경부품List v4.0_vf'!Y$13:Y$765,1/LARGE(INDEX(('신규_변경부품List v4.0_vf'!$AF$13:$AF$765="○")/ROW('신규_변경부품List v4.0_vf'!$AF$13:$AF$765),),ROW('신규_변경부품List v4.0_vf'!$A21))-12,1),"")} | F29: {=IFERROR(INDEX('신규_변경부품List v4.0_vf'!Z$13:Z$765,1/LARGE(INDEX(('신규_변경부품List v4.0_vf'!$AF$13:$AF$765="○")/ROW('신규_변경부품List v4.0_vf'!$AF$13:$AF$765),),ROW('신규_변경부품List v4.0_vf'!$A21))-12,1),"")} | G29: {=IFERROR(INDEX('신규_변경부품List v4.0_vf'!AA$13:AA$765,1/LARGE(INDEX(('신규_변경부품List v4.0_vf'!$AF$13:$AF$765="○")/ROW('신규_변경부품List v4.0_vf'!$AF$13:$AF$765),),ROW('신규_변경부품List v4.0_vf'!$A21))-12,1),"")} | H29: {=IFERROR(INDEX('신규_변경부품List v4.0_vf'!AB$13:AB$765,1/LARGE(INDEX(('신규_변경부품List v4.0_vf'!$AF$13:$AF$765="○")/ROW('신규_변경부품List v4.0_vf'!$AF$13:$AF$765),),ROW('신규_변경부품List v4.0_vf'!$A21))-12,1),"")} | I29: {=IFERROR(INDEX('신규_변경부품List v4.0_vf'!AC$13:AC$765,1/LARGE(INDEX(('신규_변경부품List v4.0_vf'!$AF$13:$AF$765="○")/ROW('신규_변경부품List v4.0_vf'!$AF$13:$AF$765),),ROW('신규_변경부품List v4.0_vf'!$A21))-12,1),"")} | J29: {=IFERROR(INDEX('신규_변경부품List v4.0_vf'!AD$13:AD$765,1/LARGE(INDEX(('신규_변경부품List v4.0_vf'!$AF$13:$AF$765="○")/ROW('신규_변경부품List v4.0_vf'!$AF$13:$AF$765),),ROW('신규_변경부품List v4.0_vf'!$A21))-12,1),"")} | K29: {=IFERROR(INDEX('신규_변경부품List v4.0_vf'!AE$13:AE$765,1/LARGE(INDEX(('신규_변경부품List v4.0_vf'!$AF$13:$AF$765="○")/ROW('신규_변경부품List v4.0_vf'!$AF$13:$AF$765),),ROW('신규_변경부품List v4.0_vf'!$A21))-12,1),"")} | L29: {=IFERROR(INDEX('신규_변경부품List v4.0_vf'!AF$13:AF$765,1/LARGE(INDEX(('신규_변경부품List v4.0_vf'!$AF$13:$AF$765="○")/ROW('신규_변경부품List v4.0_vf'!$AF$13:$AF$765),),ROW('신규_변경부품List v4.0_vf'!$A21))-12,1),"")} | ... N29: {=IFERROR(INDEX('신규_변경부품List v4.0_vf'!AH$13:AH$765,1/LARGE(INDEX(('신규_변경부품List v4.0_vf'!$AF$13:$AF$765="○")/ROW('신규_변경부품List v4.0_vf'!$AF$13:$AF$765),),ROW('신규_변경부품List v4.0_vf'!$A21))-12,1),"")}
A30: {=IFERROR(INDEX('신규_변경부품List v4.0_vf'!$W$13:$W$765,1/LARGE(INDEX(('신규_변경부품List v4.0_vf'!$AF$13:$AF$765="○")/ROW('신규_변경부품List v4.0_vf'!$AF$13:$AF$765),),ROW('신규_변경부품List v4.0_vf'!$A22))-12,1),"")} | B30: {=IFERROR(INDEX('신규_변경부품List v4.0_vf'!$J$13:$J$765,1/LARGE(INDEX(('신규_변경부품List v4.0_vf'!$AF$13:$AF$765="○")/ROW('신규_변경부품List v4.0_vf'!$AF$13:$AF$765),),ROW('신규_변경부품List v4.0_vf'!$A22))-12,1),"")} | C30: {=IFERROR(INDEX('신규_변경부품List v4.0_vf'!$I$13:$I$765,1/LARGE(INDEX(('신규_변경부품List v4.0_vf'!$AF$13:$AF$765="○")/ROW('신규_변경부품List v4.0_vf'!$AF$13:$AF$765),),ROW('신규_변경부품List v4.0_vf'!$A22))-12,1),"")}
A31: {=IFERROR(INDEX('신규_변경부품List v4.0_vf'!$W$13:$W$765,1/LARGE(INDEX(('신규_변경부품List v4.0_vf'!$AF$13:$AF$765="○")/ROW('신규_변경부품List v4.0_vf'!$AF$13:$AF$765),),ROW('신규_변경부품List v4.0_vf'!$A23))-12,1),"")} | B31: {=IFERROR(INDEX('신규_변경부품List v4.0_vf'!$J$13:$J$765,1/LARGE(INDEX(('신규_변경부품List v4.0_vf'!$AF$13:$AF$765="○")/ROW('신규_변경부품List v4.0_vf'!$AF$13:$AF$765),),ROW('신규_변경부품List v4.0_vf'!$A23))-12,1),"")} | C31: {=IFERROR(INDEX('신규_변경부품List v4.0_vf'!$I$13:$I$765,1/LARGE(INDEX(('신규_변경부품List v4.0_vf'!$AF$13:$AF$765="○")/ROW('신규_변경부품List v4.0_vf'!$AF$13:$AF$765),),ROW('신규_변경부품List v4.0_vf'!$A23))-12,1),"")}
A32: {=IFERROR(INDEX('신규_변경부품List v4.0_vf'!$W$13:$W$765,1/LARGE(INDEX(('신규_변경부품List v4.0_vf'!$AF$13:$AF$765="○")/ROW('신규_변경부품List v4.0_vf'!$AF$13:$AF$765),),ROW('신규_변경부품List v4.0_vf'!$A24))-12,1),"")} | B32: {=IFERROR(INDEX('신규_변경부품List v4.0_vf'!$J$13:$J$765,1/LARGE(INDEX(('신규_변경부품List v4.0_vf'!$AF$13:$AF$765="○")/ROW('신규_변경부품List v4.0_vf'!$AF$13:$AF$765),),ROW('신규_변경부품List v4.0_vf'!$A24))-12,1),"")} | C32: {=IFERROR(INDEX('신규_변경부품List v4.0_vf'!$I$13:$I$765,1/LARGE(INDEX(('신규_변경부품List v4.0_vf'!$AF$13:$AF$765="○")/ROW('신규_변경부품List v4.0_vf'!$AF$13:$AF$765),),ROW('신규_변경부품List v4.0_vf'!$A24))-12,1),"")}
A33: {=IFERROR(INDEX('신규_변경부품List v4.0_vf'!$W$13:$W$765,1/LARGE(INDEX(('신규_변경부품List v4.0_vf'!$AF$13:$AF$765="○")/ROW('신규_변경부품List v4.0_vf'!$AF$13:$AF$765),),ROW('신규_변경부품List v4.0_vf'!$A25))-12,1),"")} | B33: {=IFERROR(INDEX('신규_변경부품List v4.0_vf'!$J$13:$J$765,1/LARGE(INDEX(('신규_변경부품List v4.0_vf'!$AF$13:$AF$765="○")/ROW('신규_변경부품List v4.0_vf'!$AF$13:$AF$765),),ROW('신규_변경부품List v4.0_vf'!$A25))-12,1),"")} | C33: {=IFERROR(INDEX('신규_변경부품List v4.0_vf'!$I$13:$I$765,1/LARGE(INDEX(('신규_변경부품List v4.0_vf'!$AF$13:$AF$765="○")/ROW('신규_변경부품List v4.0_vf'!$AF$13:$AF$765),),ROW('신규_변경부품List v4.0_vf'!$A25))-12,1),"")}
A34: {=IFERROR(INDEX('신규_변경부품List v4.0_vf'!$W$13:$W$765,1/LARGE(INDEX(('신규_변경부품List v4.0_vf'!$F$13:$F$765="New")/ROW('신규_변경부품List v4.0_vf'!$F$13:$F$765),),ROW('신규_변경부품List v4.0_vf'!$A26))-12,1),"")} | B34: {=IFERROR(INDEX('신규_변경부품List v4.0_vf'!$J$13:$J$765,1/LARGE(INDEX(('신규_변경부품List v4.0_vf'!$F$13:$F$765="New")/ROW('신규_변경부품List v4.0_vf'!$F$13:$F$765),),ROW('신규_변경부품List v4.0_vf'!$A26))-12,1),"")} | C34: {=IFERROR(INDEX('신규_변경부품List v4.0_vf'!$I$13:$I$765,1/LARGE(INDEX(('신규_변경부품List v4.0_vf'!$F$13:$F$765="New")/ROW('신규_변경부품List v4.0_vf'!$F$13:$F$765),),ROW('신규_변경부품List v4.0_vf'!$A26))-12,1),"")}

Sheet Base Design
A1: 구분 | B1: * Base Design | C1: 개발 Model | D1: 변경 사유 | E1: 변경으로 인한 변화점 [해당부품 또는 주변/영향부품] | F1: 비고
A2: 형상 & 구조구성 | C2: 1. Ball 삭제 및 1piece 구조로 변경함 | D2: 1. Lifter단품의 Volume 축소를 통한 용량확보 | E2: 1. Inner Tub와 조립 Hook 방향 상이 1) 사유 : 1piece 구조로 변경됨에 따라 금형구조 나오지 않음 2) 체결Hook 변경으로 Drum Center Piercing Hole 형상 변경되어야 함 3) 기존 Lifter와 개발 Lifter 동시에 체결될 수 있도록 Drum Center Piercing Hole 형상 변경
A3: 기능 | B3: Inner Tub 내측에 120도 간격으로 위치하여 세탁물을 일정높이로 들어올려 1) 낙차를 발생시키며 2) 세탁물이 탈수진입전 골고루 분산될 수 있도록 함 | C3: 좌동 | D3: 기능변경 없음
A4: Input | F4: Module & system & 전장부품 (Controller포함)
A5: Output
A6: KCP
A7: KNP
A8: 치수 | B8: 287.2 X 77 X 77 | C8: 287.2 X 77 X 77
A9: 재료 | B9: PP MT42 | C9: PP MT42
A10: Base Design 이란 ?
A11: - 설계자가 zero base에서 설계를 하는 것이 아니라, 자사 또는 타사의 제품 및 부품이 어떻게 설계가 되어 있는지를 참조하는 대상을 base design 함.
A12: - 부품개발이나 수익성 비교를 위해 선정하는 base model과는 다를 수도 있고 같을 수도 있음.
A13: - 내가 설계할 때 참조를 어떤 것을 했는지, 그래서 무엇을 변경시켰는지에 대한 설명을 위해 필요한 것임

Sheet ERRC 근거_변경부품List v3.1
O1: R&D | Q1: 설계에서 작성해야 할 부분
B2: New & Changing Part Development List (Example) | O2: Mold Dev. | Q2: 금형 개발 담당자가 작성해야 할 부분
B3: Model / Grade | I3: FC HI EER -.FC75LBNA / C1 | O3: Procument/ Mfg engineer | Q3: 구매 개발을 책임지는 담당자가 작성하는 곳.
B4: Event | I4: CP PP DV PV PQ | Q4: Date of compostion: | R4: 40379 | T4: Date of revisions: | W4: 40516
B5: No. | C5: 모델 | E5: BOM Level | F5: Classification | G5: Part Type | H5: Part No. | J5: Class Desc.(Part Name) | K5: Fig. | L5: 변경점 | M5: 변경사유 | N5: Quanty | O5: 설계자 | P5: 구매/ 생기 | Q5: 변경 Level | R5: DRBFM Execution | U5: Part Grade | V5: 인쇄물 변경 | W5: Part Approval * | AB5: Confirm Drawing | AE5: Tooling Development | AK5: Part Development | AS5: Final Pass Judgment
C6: A | D6: B | H6: Base P/No | I6: New P/No | R6: Design | S6: Process | T6: Why don't you excute DRBFM? | W6: Quality Limit Sample | X6: 1st Prod. Inspection | Y6: Audit Approval | Z6: Process Inspection | AA6: Reliability test | AB6: List | AC6: Drawing agreement(DR) | AD6: Drawing Approvalto DA PLM | AE6: CAE (Mold flow) | AF6: 1st Production | AG6: Q. Pass | AH6: 금형비 | AI6: Specification | AJ6: Cavity | AK6: 양산업체 | AL6: 부품개발 담당자 | AM6: 부품개발 의뢰일 | AN6: 구매 접수일 | AO6: DQMS 진행상태 | AP6: Q. Pass | AQ6: Quality issue & F/up | AR6: Target Cost
B7: R&D | N7: R&D | AE7: Mold & Die Development Group | AK7: Procurement/ Mfg Engineer
B8: 1 | C8: ● | D8: ● | E8: ...4 | F8: New | G8: MD Part | I8: MDQ62836301 | J8: Frame,Sub | N8: 1 | O8: 박주홍 | P8: 홍길동 | Q8: 3Level | R8: ○ | S8: X | U8: C | V8: 사용설명서 (그림변경, 문구추가) | W8: X | X8: ○ | Y8: X | Z8: X | AA8: ○ | AB8: Plan | AC8: 40414 | AD8: 40414 | AE8: 40414 | AF8: 40456 | AG8: 40461 | AH8: 50000000 | AI8: Mold | AJ8: 2 | AK8: 평화기공 | AL8: 최종원S | AM8: 40417 | AN8: 40417 | AO8: Rcv.Wating | AP8: 40505 | AQ8: 측정결과:NG - 도면 현실화시방 완료(OK) | AR8: ???? | AS8: OK
AB9: Result | AC9: 40422 | AD9: 40435 | AE9: 40435 | AM9: 40417 | AN9: 40421 | AP9: 40513 | AR9: ????
B10: 2 | C10: ● | D10: ● | E10: ..3 | F10: New | G10: etc. | I10: MDQ62836401 | J10: Frame,Final | N10: 1 | O10: 박주홍 | P10: 홍길동 | Q10: 2Level | R10: X | S10: X | T10: Frame,Sub대체 | U10: C | W10: X | X10: ○ | Y10: X | Z10: X | AA10: ○ | AB10: Plan | AC10: 40414 | AD10: 40414 | AE10: NA | AF10: X | AG10: X | AH10: X | AI10: - | AJ10: - | AK10: 사내 | AL10: 이용석K | AM10: X | AN10: X | AO10: Rcv.Wating | AP10: 40505 | AQ10: 측정결과:NG - 도면 현실화시방 완료(OK) | AR10: X | AS10: OK
AB11: Result | AC11: 40424 | AD11: 40430 | AE11: NA | AF11: X | AG11: X | AH11: X | AM11: X | AN11: X | AP11: 40513 | AR11: X
B12: 3 | C12: ● | D12: ● | E12: .....6 | F12: New | G12: MD Part | I12: MCN62127201 | J12: Cylinder Material | N12: 1 | O12: 박주홍 | P12: 홍길동 | Q12: 2Level | R12: X | S12: X | T12: Frame,Sub대체 | U12: C | W12: X | X12: X | Y12: X | Z12: X | AA12: X | AB12: Plan | AC12: 40414 | AD12: 40414 | AE12: NA | AF12: 40456 | AG12: 40461 | AH12: 9500000 | AI12: Mold | AJ12: 6 | AK12: 대동씨엠 | AL12: 성영호B | AM12: X | AN12: X | AO12: Rcv.Wating | AP12: X | AQ12: 측정결과:NG - 도면 현실화시방 결재중 | AR12: X | AS12: OK
AB13: Result | AC13: 40422 | AD13: 40424 | AE13: 40424 | AM13: X | AN13: X | AP13: X | AR13: X
B14: 4 | C14: ● | D14: ● | E14: ...4 | F14: New | G14: PD Part | I14: MCK42793302 | J14: D/Cover | N14: 1 | O14: 하성호 | P14: 홍길동 | Q14: 1Level | R14: X | S14: X | T14: D/Cover Asm대체 | U14: C | W14: X | X14: ○ | Y14: X | Z14: X | AA14: ○ | AB14: Plan | AC14: 40414 | AD14: 40414 | AE14: 40414 | AF14: 40456 | AG14: 40461 | AH14: 6500000 | AI14: Press | AJ14: 1 | AK14: 진유사 | AL14: 성영호B | AM14: 40417 | AN14: 40417 | AO14: Rcv.Wating | AP14: 40505 | AQ14: 측정결과:OK | AR14: X | AS14: OK
AB15: Result | AC15: 40483 | AD15: 40490 | AE15: NA | AM15: 40431 | AN15: 40436 | AP15: 40514 | AR15: X
B16: 5 | C16: ● | D16: ● | E16: ..3 | F16: New | G16: etc. | I16: ACQ37023402 | J16: D/Cover, Assy. | N16: 1 | O16: 하성호 | P16: 홍길동 | R16: ○ | S16: X | U16: C | W16: X | X16: ○ | Y16: X | Z16: X | AA16: X | AB16: Plan | AC16: 40414 | AD16: 40414 | AE16: NA | AF16: 40456 | AG16: 40461 | AH16: 12000000 | AI16: Etc | AJ16: - | AK16: 진유사 | AL16: 서현철C | AM16: 40417 | AN16: 40417 | AO16: OK | AP16: 40505 | AQ16: OK | AR16: ???? | AS16: OK
AB17: Result | AC17: 40484 | AD17: 40490 | AE17: NA | AM17: 40424 | AN17: 40434 | AP17: 40514 | AR17: ????
B18: 6 | C18: ● | D18: ● | E18: ..3 | F18: New | G18: MD Part | I18: RAB31174306 | J18: Magnet Frame | N18: 1 | O18: 윤선기 | P18: 홍길동 | R18: X | S18: X | T18: Magnet,Sub대체 | U18: C | W18: X | X18: ○ | Y18: X | Z18: X | AA18: X | AB18: Plan | AC18: 40414 | AD18: 40414 | AE18: NA | AF18: X | AG18: X | AH18: X | AI18: Mold | AJ18: - | AK18: 신금하 | AL18: 서현철C | AM18: 40417 | AN18: 40417 | AO18: Result Writing | AP18: 40505 | AQ18: 측정결과:OK - 항목추가(CTQ) 측정완료(CTQ분석:12/1) | AR18: ???? | AS18: OK
AB19: Result | AC19: 40506 | AD19: 40506 | AE19: NA | AF19: X | AG19: X | AH19: X | AM19: 40456 | AN19: 40466 | AP19: 40509 | AR19: ????
B20: 7 | C20: ● | D20: ● | E20: ...4 | F20: New | G20: MD Part | I20: RAB31176103 | J20: Magnet | N20: 12 | O20: 윤선기 | P20: 홍길동 | R20: ○ | S20: X | U20: C | W20: X | X20: ○ | Y20: X | Z20: X | AA20: X | AB20: Plan | AC20: 40414 | AD20: 40414 | AE20: 40414 | AF20: X | AG20: X | AH20: X | AI20: Mold | AJ20: - | AK20: 삼환 | AL20: 최종원S | AM20: 40417 | AN20: 40417 | AO20: 초품불요 | AP20: 40505 | AR20: X | AS20: OK
D24: 변경 levl
D25: 5Level
D26: 4Level
D27: 3Level
D28: 2Level
D29: 1Level
AR151: 4.4444444e+163

Sheet Sheet2
B1: [ Part Risk Assessment ] 1) PRA는 개발부품의 품질 Risk를 평가하여, s-APQP 실시 여부를 결정 한다. 2) PRA는 [b] 등급 부품을 대상으로 실시한다. (필요 시 이외 등급도 실시 가능) 3) PRA 각 항목은 관련부서 담당자의 의견을 수렴하여, 항목별 평가 점수를 결정 한다. * 필요시, 기준 점수 확정에 필요한 Evidence를 추가 한다.
B2: No | C2: 항목 | D2: 평가 기준 | E2: 점수 | F2: 결과 | G2: 비고
B3: 1 | C3: 고객 영향도 | D3: 제품 외관/ 안전/ 규제 측면에서, 고객에게 미칠 영향도가 적은 부품 | E3: 3 | F3: 5
D4: 고객에게 감성적인 품질로 인식되는 부품 | E4: 5
D5: 제품의 주요 기능과 연관된 중요 부품이거나, 고객이 인지하기 쉬운 외관품질 부품 | E5: 7
D6: 안전 및 법적 규제에 영향을 미치는 부품 (안전부품, PL부품) | E6: 10
B7: 2 | C7: 부품/ 공정 복잡도 | D7: 단순한 조립/ 공정 부품이며, 과거 유사부품의 생산 경험이 있음 | E7: 3 | F7: 3 | G7: 단순 조립/공정 : 하위부품 P/no 개수 10개 이하 복잡한 조립/공정 : 하위부품 P/no 개수 10개 초과
D8: 단순한 조립/ 공정 부품이며, 과거 유사부품의 생산 경험이 없음 | E8: 5
D9: 복잡한 조립/ 공정 부품이며, 과거 유사부품의 생산 경험이 있음 | E9: 7
D10: 복잡한 조립/ 공정 부품이며, 과거 유사부품의 생산 경험이 없음 | E10: 10
B11: 3 | C11: 부품/ 공정 난이도 | D11: 부품 제작 방법이 기 양산중인 H&A 제품에 사용되는 공법/ 공정 이며, 과거 유사부품의 생산 경험이 있음 | E11: 3 | F11: 3 | G11: 해당 협력사의 생산 부분에 한함 - 2, 3차 협력사 공정 포함 - 타 1차 협력사에서 생산하여 공급하는 하위 부품 제외
D12: 부품 제작 방법이 기 양산중인 H&A 제품에 사용되는 공법/ 공정 이며, 과거 유사부품의 생산 경험이 없음 | E12: 5
D13: 부품 제조 시 필요한 공정/ 공법/ 설비가, H&A 제품에 적용되는 공정/ 공법/ 설비보다 높은(고사양) 수준이 요구되거나 적용된 이력이 없는 경우 (협력사 기준, 해당수준으로 생산이력 있음) | E13: 7
D14: 부품 제조 시 필요한 공정/ 공법/ 설비가, H&A 제품에 통용되는 공정/ 공법/ 설비보다 높은(고사양) 수준이 요구되거나 적용된 이력이 없는 경우 (협력사 기준, 해당수준으로 생산이력 없음) | E14: 10
B15: 4 | C15: 협력사 거래현황 | D15: 기존 거래 협력사이고, 기존 생산지에서 부품을 제작하는 경우(사업부 기준) | E15: 3 | F15: 3 | G15: 양산거래 협력사 이지만, 개발부품이 해당 협력사에서 LG와 최초 거래 부품군/Type 일 경우 신규 협력사로 판단함
D16: 기존 거래 협력사이지만 기존 생산지가 아닌 타 공장에서 부품을 제작하는 경우(사업부 기준) | E16: 5
D17: 신규 협력사인 경우(사업부 기준) | E17: 7
D18: 신규 협력사인 경우(H&A본부 기준) | E18: 10
B19: 5 | C19: 부품수율 | D19: Base 부품의 협력사 공정 수율 95% 초과 | E19: 3 | F19: 3 | G19: 부품수율은 Base 부품의 Pre MP 보고기준 or 최근 1개월 양산실적 기준으로 판단함 (Base 부품의 협력사가 개발부품 협력사와 상이하거나 Base 부품이 개발부품과 차이가 큰 경우 등과 같이 Base 부품의 수율이 판단의 근거로 부적합할 경우 공란으로 처리)
D20: Base 부품의 협력사 공정 수율 85% 초과 ~ 95% 이하 | E20: 5
D21: Base 부품의 협력사 공정 수율 75% 초과 ~ 85% 이하 | E21: 7
D22: Base 부품의 협력사 공정 수율 75% 미만 | E22: 10
B23: 6 | C23: 품질이슈이력 | D23: Base 부품이 LG 사내/ 필드에서 품질문제로 제품 재작업 이력이 없는 경우 | E23: 3 | F23: 3 | G23: 최근 1년 내 이력 대상
D24: Base 부품이 LG 사내/ 필드에서 품질문제로 제품 재작업 이력이 있는 경우 | E24: 5
D25: Base 부품이 사고성불량(Epidemic) 이슈로 필드 재작업 이력이 있는 경우 ※ Epidemic : 문제 범위 구간 내 동일 원인의 제품 및 부품의 문제로 기능/ 성능/ 신뢰성 불량 | E25: 7
D26: Base 부품이 CEO 정보보고 이력이 있는 경우[B급 이상] | E26: 10
B27: 평가점수 (100점 환산) | D27: 60점 이상 : APQP 필수 실행 50점 이상 ~ 60점 미만 : APQP 실행가능(최종 SQE팀장 판단) 50점 미만 : APQP 미실시 | F27: =SUM(F3:F26)/COUNTA(F3:F26)*10 -> 33.333333
D29: 평가기준이 개정될 경우, 최종 개정본 기준으로 평가한다.

Sheet Sheet1
D7: AEZ75853756 | F7: AEZ75853757 | H7: AEZ75853759 | J7: AEZ75853758
D8: MEY65274754 | F8: MEY65274755 | H8: MEY65274757 | J8: MEY65274756
D9: RAA34560801 | F9: RAA34560801 | H9: RAA34560801 | J9: RAA34560801
D10: AKF75594444 | F10: AKF75594445 | H10: AKF75594447 | J10: AKF75594446
D11: MEY63914105 | F11: MEY63914103 | H11: MEY63914104 | J11: MEY63914101
D12: MEY65461901 | F12: MEY65461901 | H12: MEY65461901 | J12: MEY65461901
D13: RAA34560801 | F13: RAA34560801 | H13: RAA34560801 | J13: RAA34560801
D14: - | F14: - | H14: - | J14: 1SZZW2E001D
D15: - | F15: - | H15: - | J15: MHY61853903
D16: - | F16: - | H16: - | J16: 7525W5S0001
D17: - | F17: - | H17: - | J17: AEZ75853737
D18: 1SZZW2E001D | F18: 1SZZW2E001D | H18: 1SZZW2E001D
D19: MHY61853903 | F19: MHY61853903 | H19: MHY61853903
D20: - | F20: - | H20: -
D21: 7525W5S0001 | F21: 7525W5S0001 | H21: 7525W5S0001
D22: AEZ75853735 | F22: AEZ75853736 | H22: AEZ75853738

Sheet 부품시험기획 (기구품)
A3: No | B3: Part Type 2 | C3: Part Name | D3: P/no. | E3: 변경점 | F3: Site | G3: 구매 담당자 | H3: Supplier | I3: 부품구분 | M3: 공장심사 (공정진단) | N3: 검사항목 | O3: 검사규격 LG(66)-B-4501-20 | P3: 시험항목 | Q3: 시험방법 / 조건 | R3: 협력사 | S3: LG | T3: 수량 | U3: Remark
I4: 4新 | J4: 등급 | K4: 핵심 | L4: 신뢰성
A5: 1 | B5: Structure Assy | C5: Door Assembly,Full | D5: ADC30051122 | E5: 하위 변경에 따른 품번 추가 | F5: CW | G5: 탁현빈 S | H5: 기미전자 | J5: c | N5: 구조/외관 | O5: - | P5: 구조/외관 확인 | Q5: 구조/외관에 결함없을 것 (도면 확인) - 3F 주기 등 도면 기준 만족할 것 | R5: ● | S5: ● | T5: 5
N6: 제원 | O6: - | P6: 제원 확인 | Q6: 도면 만족할 것 | R6: ● | S6: ● | T6: 1
N7: 치수 | O7: - | P7: 주요 치수 측정 | Q7: Spec에 만족할 것 (도면 확인) - 주요치수 측정 | R7: ● | S7: ● | T7: 3 | U7: 관리 치수 없을 시 Skip 가능
N8: 성능 | P8: 환경시험 | Q8: 60℃ 항온조 8시간, -20℃ 항온조 8시간을 1 Cycle로 해 5 Cycle 실시 후 이상 없을 것. 특히 Sealant와 Tape 부위 떨어짐 없을 것. | R8: - | S8: - | T8: 3 | U8: Base 품번 대비 동일 소재로 성능 변경점 없음.
P9: 열변형시험 | Q9: 130℃ Chamber에 2시간 경과 후 변형이 없을것.(Handle 외관 사출부는 판정 대상 제외) | R9: - | S9: - | T9: 3 | U9: Base 품번 대비 동일 소재로 성능 변경점 없음.
P10: Glass 저항 측정 | Q10: 최소 측정 거리 : 50mm이상, Coating 면 저항치 : 25 Ω 이상 | R10: - | S10: - | T10: 3 | U10: Base 품번 대비 동일 소재로 성능 변경점 없음.
N11: 친환경 | P11: XRF 측정 | Q11: 10대 유해물질 없을 것 (LG(10)-A-9023) | R11: - | S11: - | T11: 1 | U11: 하위 단품 측정 완료 시 Skip 가능
A12: 2 | B12: Structure Assy | C12: Door Assembly,Sub | D12: ADC30051810 | E12: 하위 변경에 따른 품번 추가 | F12: CW | G12: 탁현빈 S | H12: 기미전자 | J12: c | N12: 구조/외관 | O12: - | P12: 구조/외관 확인 | Q12: 구조/외관에 결함없을 것 (도면 확인) - 3F 주기 등 도면 기준 만족할 것 | R12: ● | S12: ● | T12: 5
N13: 제원 | O13: - | P13: 제원 확인 | Q13: 도면 만족할 것 | R13: ● | S13: ● | T13: 1
N14: 치수 | O14: - | P14: 주요 치수 측정 | Q14: Spec에 만족할 것 (도면 확인) - 주요치수 측정 | R14: ● | S14: ● | T14: 3 | U14: 관리 치수 없을 시 Skip 가능
N15: 성능 | P15: 환경시험 | Q15: Chamber에서 -20~70℃ /8 Hr. 5 Cycle 후 Sealant 및 Tape 부위의 떨어짐이 없을것. | R15: - | S15: - | T15: 3 | U15: Base 품번 대비 동일 소재로 성능 변경점 없음.
O16: - | P16: 부착력 시험 | Q16: 24시간 경화 제품 1개월에 한번 부품의 중심부에 30kg의 무게추를 5초간 위치시켜 Glass가 떨어지는지 확인함. | R16: - | S16: - | T16: 3 | U16: Base 품번 대비 동일 소재로 성능 변경점 없음.
N17: 친환경 | P17: XRF 측정 | Q17: 10대 유해물질 없을 것 (LG(10)-A-9023) | R17: - | S17: - | T17: 1 | U17: 하위 단품 측정 완료 시 Skip 가능
A18: 3 | B18: Structure Assy | C18: Decor,Front | D18: MCR68408309 | E18: 하위 변경에 따른 품번 추가 | F18: CW | G18: 탁현빈 S | H18: 기미전자 | J18: c | N18: 구조/외관 | O18: - | P18: 구조/외관 확인 | Q18: 구조/외관에 결함없을 것 (도면 확인) - 3F 주기 등 도면 기준 만족할 것 | R18: ● | S18: ● | T18: 5
N19: 재질 | P19: 재질 | Q19: 소재 성적서와 도면 재질 일치할 것. | R19: ● | S19: ● | T19: 1
N20: 치수 | O20: - | P20: 주요 치수 측정 | Q20: Spec에 만족할 것 (도면 확인) - 주요치수 측정 | R20: ● | S20: ● | T20: 3
N21: 친환경 | P21: XRF 측정 | Q21: 10대 유해물질 없을 것 (LG(10)-A-9023) | R21: - | S21: - | T21: 1 | U21: 하위 단품 측정 완료 시 Skip 가능
A22: 4 | B22: Structure Assy | C22: Handle,Assembly | D22: AED30153303 | E22: 하위 변경에 따른 품번 추가 | F22: CW | G22: 탁현빈 S | H22: SD E&T (한덕) | J22: c | N22: 구조/외관 | O22: - | P22: 구조/외관 확인 | Q22: 구조/외관에 결함없을 것 (도면 확인) - 3F 주기 등 도면 기준 만족할 것 | R22: ● | S22: ● | T22: 5
N23: 제원 | O23: - | P23: 제원 확인 | Q23: 도면 만족할 것 | R23: ● | S23: ● | T23: 1
N24: 치수 | O24: - | P24: 주요 치수 측정 | Q24: Spec에 만족할 것 (도면 확인) - 주요치수 측정 | R24: ● | S24: ● | T24: 3
P25: 단차 | Q25: 사출 Bracket Holder가 알루미늄 Bar 대비 돌출되지 않으며 이 때 두 부품간의 단차는 0.3mm보다는 작을 것 | R25: ● | S25: ● | T25: 3
P26: Gap | Q26: 0.2mm 이하 | R26: ● | S26: ● | T26: 3
N27: 친환경 | P27: XRF 측정 | Q27: 10대 유해물질 없을 것 (LG(10)-A-9023) | R27: - | S27: - | T27: 1 | U27: 하위 단품 측정 완료 시 Skip 가능
A28: 5 | B28: Structure Assy | C28: Holder,Bracket | D28: MEG66749803 | E28: 하위 변경에 따른 품번 추가 | F28: CW | G28: 류동건 S | H28: SD E&T (한덕) | J28: c | N28: 구조/외관 | O28: - | P28: 구조/외관 확인 | Q28: 구조/외관에 결함없을 것 (도면 확인) - 3F 주기 등 도면 기준 만족할 것 | R28: ● | S28: ● | T28: 5
N29: 재질 | O29: - | P29: 재질 | Q29: 소재 성적서와 도면 재질 일치할 것. | R29: ● | S29: ● | T29: 1
N30: 색차 | P30: 색차 확인 | Q30: Spec에 만족할 것 (도면 확인) L : 45.0±2.0, a : 1.0±0.2, b : 2.8±1.0 | R30: - | S30: - | T30: 3 | U30: 양산 적용된 한덕 Changeable 핸들과 동일 재질/업체/공정으로 Skip함.
N31: 치수 | O31: - | P31: 주요 치수 측정 | Q31: Spec에 만족할 것 (도면 확인) - 개발관리 치수, 양산관리 치수, 본 부품 치수는 상온 20± 3℃ 에서 1시간 이상 경과 후 측정한 치수 일 것. | R31: ● | S31: ● | T31: 3 | U31: 관리 치수 확인할 것.
N32: 도장 성능 | P32: 크로스 컷 | Q32: 도막과 도막, 도막과 소지간의 밀착성 정도를 확인하기 위한 시험으로서, 크로스 컷트 시험기(Edge 0.1mm or 0.2mm)를 사용하여 끝과 끝과의 간격을 1mm간격으로 도막간 밀착 시험에 상당하는 깊이가 되도록 가감하여 Scratching 한 후, 스카치 테이프를 Scratching된 부분에 완전 밀착시켜 45˚로 당겼을 때, Scratching 된 부분이 불결하지 않고 도막이 떨어지지 않으며, 끝이 지나간 부분이 깨끗할 때 도막의 밀착이 좋다고 판단한다. 합격 기준 : 도막과 소지간 98/100 | R32: - | S32: - | T32: 3 | U32: 양산 적용된 한덕 Changeable 핸들과 동일 재질/업체/공정으로 Skip함.
P33: 내냉열성 시험 | Q33: -20℃의 공기 중에 8시간 방치 후 80℃의 공기 중에 8시간 방치시킴을 5회 반복하여 시행한다. 시험 후 Coating막의 연화, 오염, 변색 등이 없어야 한다. | R33: - | S33: - | T33: 3 | U33: 양산 적용된 한덕 Changeable 핸들과 동일 재질/업체/공정으로 Skip함.
P34: 내세제성 시험 | Q34: 중성세제(퐁퐁,트리오), 알칼리성 세제에 24시간 침지하여 도막에 부풀음, 변색 등 기타 이상이 없어야 한다. | R34: - | S34: - | T34: 3 | U34: 양산 적용된 한덕 Changeable 핸들과 동일 재질/업체/공정으로 Skip함.
O35: - | P35: 내비등수 시험/항온항습성 시험 | Q35: 아래 온도의 비등수에 시험판을 60mm 이상 1시간 침지한다. 시험편을 비등수로부터 꺼내서 2시간 후 도막의 변화를 관찰해 수포, 백화, 부풀음, 수축 등이 없어야 하고 크로스커트 시험에 만족하여야 한다. 평균온도 80℃ 상태의 물에 넣은 후 1시간 동안 침지, 방치한다. | R35: - | S35: - | T35: 3 | U35: 양산 적용된 한덕 Changeable 핸들과 동일 재질/업체/공정으로 Skip함.
O36: - | P36: 내염수 분무 시험 | Q36: 시험편에 5±1%의 NaCl 용액을 35±2℃ 온도에서 8시간 분무 16시간 휴지를 1 Cycle로하여 3Cycle 시험한 후 도막에 부풀음, 변색 등 기타 이상이 없어야 한다. | R36: - | S36: - | T36: 3 | U36: 양산 적용된 한덕 Changeable 핸들과 동일 재질/업체/공정으로 Skip함.
N37: 친환경 | P37: XRF 측정 | Q37: 10대 유해물질 없을 것 (LG(10)-A-9023) | R37: - | S37: - | T37: 1 | U37: Base품번(MEG66749801) 대비 변경사항 없으므로 Skip
A38: 6 | B38: Structure Assy | C38: Packing,Gasket | D38: MFZ00552701 | E38: 하위 변경에 따른 품번 추가 | F38: CW | G38: 류동건 S | H38: 서브원 (세광러버테크) | J38: c | N38: 구조/외관 | O38: - | P38: 구조/외관 확인 | Q38: 구조/외관에 결함없을 것 (도면 확인) - 3F 주기 등 도면 기준 만족할 것 - 외관면에 기름, 먼지, 기타 오물 등이 없을 것 | R38: ● | S38: ● | T38: 5
N39: 재질 | O39: - | P39: 재질 | Q39: 소재 성적서와 도면 재질 일치할 것. | R39: ● | S39: ● | T39: 1
P40: 표면조도 | Q40: 스펙 기입 | R40: ● | S40: - | T40: 3 | U40: 협력사 검사 결과 준용함
P41: 경도 | Q41: 스펙 기입 | R41: ● | S41: ● | T41: 3
N42: 치수 | P42: 치수 | Q42: 도면 만족할 것 | R42: ● | S42: ● | T42: 3
N43: 성능 | O43: - | P43: 내열성 | Q43: 300℃ Chamber에서 2hr 가열 후 변형 없을 것. | R43: ● | S43: ● | T43: 3
N44: 친환경 | P44: XRF 측정 | Q44: 10대 유해물질 없을 것 (LG(10)-A-9023) | R44: - | S44: - | T44: 1 | U44: MFZ00494001 대비 변경사항 없으므로 Skip
A45: 7 | B45: Structure Assy | C45: Door Assembly,Full | D45: ADC30051023 | E45: 하위 변경에 따른 품번 추가 | F45: CW | G45: 류동건 S | H45: 기미전자 | J45: c | N45: 구조/외관 | O45: - | P45: 구조/외관 확인 | Q45: 구조/외관에 결함없을 것 (도면 확인) - 3F 주기 등 도면 기준 만족할 것 | R45: ● | S45: ● | T45: 5
N46: 제원 | O46: - | P46: 제원 확인 | Q46: 도면 만족할 것 | R46: ● | S46: ● | T46: 1
N47: 치수 | O47: - | P47: 주요 치수 측정 | Q47: Spec에 만족할 것 (도면 확인) - 주요치수 측정 | R47: - | S47: - | T47: 3 | U47: Base 대비 측정부 변경사항 없으므로 Skip.
N48: 성능 | P48: 환경시험 | Q48: 60℃ 항온조 8시간, -20℃ 항온조 8시간을 1 Cycle로 해 5 Cycle 실시 후 이상 없을 것. 특히 Sealant와 Tape 부위 떨어짐 없을 것. | R48: - | S48: - | T48: 3 | U48: Base 품번 대비 동일 소재로 성능 변경점 없음.
P49: 열변형시험 | Q49: 130℃ Chamber에 2시간 경과 후 변형이 없을것.(Handle 외관 사출부는 판정 대상 제외) | R49: - | S49: - | T49: 3 | U49: Base 품번 대비 동일 소재로 성능 변경점 없음.
P50: Glass 저항 측정 | Q50: 최소 측정 거리 : 50mm이상, Coating 면 저항치 : 25 Ω 이상 | R50: - | S50: - | T50: 3 | U50: Base 품번 대비 동일 소재로 성능 변경점 없음.
N51: 친환경 | P51: XRF 측정 | Q51: 10대 유해물질 없을 것 (LG(10)-A-9023) | R51: - | S51: - | T51: 1 | U51: 하위 단품 측정 완료 시 Skip 가능
A52: 8 | B52: Structure Assy | C52: Door Assembly,Sub | D52: ADC30051810 | E52: 하위 변경에 따른 품번 추가 | F52: CW | G52: 탁현빈 S | H52: 기미전자 | J52: c | N52: 구조/외관 | O52: - | P52: 구조/외관 확인 | Q52: 구조/외관에 결함없을 것 (도면 확인) - 3F 주기 등 도면 기준 만족할 것 | R52: ● | S52: ● | T52: 5
N53: 제원 | O53: - | P53: 제원 확인 | Q53: 도면 만족할 것 | R53: ● | S53: ● | T53: 1
N54: 치수 | O54: - | P54: 주요 치수 측정 | Q54: Spec에 만족할 것 (도면 확인) - 주요치수 측정 | R54: ● | S54: ● | T54: 3 | U54: 관리 치수 없을 시 Skip 가능
N55: 성능 | P55: 환경시험 | Q55: Chamber에서 -20~70℃ /8 Hr. 5 Cycle 후 Sealant 및 Tape 부위의 떨어짐이 없을것. | R55: - | S55: - | T55: 3 | U55: Base 품번 대비 동일 소재로 성능 변경점 없음.
O56: - | P56: 부착력 시험 | Q56: 24시간 경화 제품 1개월에 한번 부품의 중심부에 30kg의 무게추를 5초간 위치시켜 Glass가 떨어지는지 확인함. | R56: - | S56: - | T56: 3 | U56: Base 품번 대비 동일 소재로 성능 변경점 없음.
N57: 친환경 | P57: XRF 측정 | Q57: 10대 유해물질 없을 것 (LG(10)-A-9023) | R57: - | S57: - | T57: 1 | U57: 하위 단품 측정 완료 시 Skip 가능
A58: 9 | B58: Structure Assy | C58: Decor,Front | D58: MCR68408309 | E58: 하위 변경에 따른 품번 추가 | F58: CW | G58: 탁현빈 S | H58: 기미전자 | J58: c | N58: 구조/외관 | O58: - | P58: 구조/외관 확인 | Q58: 구조/외관에 결함없을 것 (도면 확인) - 3F 주기 등 도면 기준 만족할 것 | R58: ● | S58: ● | T58: 5
N59: 재질 | P59: 재질 | Q59: 소재 성적서와 도면 재질 일치할 것. | R59: ● | S59: ● | T59: 1
N60: 치수 | O60: - | P60: 주요 치수 측정 | Q60: Spec에 만족할 것 (도면 확인) - 주요치수 측정 | R60: ● | S60: ● | T60: 3
N61: 친환경 | P61: XRF 측정 | Q61: 10대 유해물질 없을 것 (LG(10)-A-9023) | R61: - | S61: - | T61: 1 | U61: 하위 단품 측정 완료 시 Skip 가능
A62: 10 | B62: Structure Assy | C62: Controller Assembly,Mechanical | D62: ACM76195078 | E62: 하위 변경에 따른 품번 추가 | F62: CW | G62: 탁현빈 S | H62: 신신사 | J62: c | N62: 구조/외관 | O62: - | P62: 구조/외관 확인 | Q62: 구조/외관에 결함없을 것 (도면 확인) - 3F 주기 등 도면 기준 만족할 것 | R62: ● | S62: ● | T62: 5
N63: 제원 | O63: - | P63: 제원 확인 | Q63: 도면 만족할 것 | R63: ● | S63: ● | T63: 1
N64: 치수 | O64: - | P64: 치수 | Q64: 도면 치수 만족할 것 | R64: - | S64: - | T64: 3 | U64: Base 품번 대비 Ring,Guide와 Panel Hole 외 변경점 없으므로 Skip.
N65: 성능 | P65: 동작검사 | Q65: 동작검사 실시하여 동작여부 확인할 것. | R65: - | S65: - | T65: 3
P66: 풀림 Torque 확인 | Q66: 풀림 Torque 5kgf·cm 이상일 것 | R66: - | S66: - | T66: 3
N67: 친환경 | P67: XRF 측정 | Q67: 10대 유해물질 없을 것 (LG(10)-A-9023) | R67: - | S67: - | T67: 1 | U67: 하위 단품 측정 완료 시 Skip 가능
A68: 11 | B68: Structure Assy | C68: Panel,Control | D68: MGC66371796 | E68: 하위 변경에 따른 품번 추가 | F68: CW | G68: 탁현빈 S | H68: 신신사 | J68: c | N68: 구조/외관 | O68: - | P68: 구조/외관 확인 | Q68: 구조/외관에 결함없을 것 (도면 확인) - 3F 주기 등 도면 기준 만족할 것 | R68: ● | S68: ● | T68: 5
N69: 치수 | O69: - | P69: 치수 | Q69: Spec에 만족할 것 (도면 확인) -변경치수 측정 (Work L) | R69: ● | S69: ● | T69: 3
N70: 성능 | P70: 크로스 컷트 | Q70: 인쇄면과 도막간의 밀착성 정도를 확인하기 위한 시험으로서, 크로스 컷트 시험기(Edge 0.1mm or 0.2mm)를 사용하여 끝과 끝과의 간격을 1mm간격으로 인쇄면간 밀착 시험에 상당하는 깊이가 되도록 가감하여 Scratching (가로 11줄, 세로 11줄)한 후, 스카치 테이프를 Scratching된 부위에 완전 밀칙시켜 45˚로 당겼을 때, Scratching된 부분이 불결하지 않고 도막이 떨어지지 않으며 끝이 지나간 부분이 깨끗할 때 코팅막의 밀착이 좋다고 판단한다. - 합격 기준 : 95/100 | R70: - | S70: - | T70: 3 | U70: Base("49") 대비 인쇄 Spec 동일해 Skip.
P71: 연필강도 | Q71: TOMBOW #8900 연필의 선단을 갈아서 도막면과 45˚로 전방으로 밀어서 도막의 흔적이 생기지 않는 최대 경도를 연필 경도로 표시한다. 1개의 시료에 대해서 5회 시험하여 3회 이상 흔적이 생기지 않으면 그 연필 경도는 합격으로 한다. - 합격 기준 : B이상 | R71: - | S71: - | T71: 3
P72: 내마모성 시험 | Q72: 사무용 지우개로 인쇄면에 하중 1kg 정도의 마찰력을 가하면서 20회 왕복 시킨후 인쇄면이 박리되지 않아야 한다. | R72: - | S72: - | T72: 3
P73: 내자외선 시험 | Q73: 내자외선 시험편의 1/2을 알루미늄박으로 마스킹하여 1/2은 노출 상태로 수지계에 따라서 규정 시간(24hr) 조사를 행한 후 미조사 부분과 비교하여 변색 정도에 따라서 판정 합부를 한다. - 합격기준 : 미조사 부분과 비교하여 변색이 거의 없을 것. | R73: - | S73: - | T73: 3
P74: 내알콜성 시험 | Q74: 가제에 손도 95%이상의 에틸 알코올(Ethyl Alocohol)을 적당히 추겨서 2.5kg의 힘으로 왕복 20회 인쇄면을 문지른 후 박리가 없어야 한다. | R74: - | S74: - | T74: 3
P75: 내냉열성 시험 | Q75: 고온 60℃에서 2hr, 저온 - 20℃에서 방치를 1 Cycle로 20 Cycle 실시한 후 인쇄면의 상태를 관찰 한 후 셀로판 테이프 부착시험을 행한다. | R75: - | S75: - | T75: 3
P76: 셀로판 테이프 부착 시험 | Q76: 시험편을 깨끗히 닦아내고 예리한 바늘 끝으로 소지가 보이도록 일직선을 긋고 부분에 직각으로 폭 12㎜의 세로판 테이프를 붙인후 시험면에 약 15˚의 각도로 테이프를 신속히 당겼을때 인쇄면의 박리가 없어야 한다. | R76: - | S76: - | T76: 3
P77: 내습성 시험 | Q77: 온도 40℃, 습도 90∼95%에서 240hr 연속 방치한 후 인쇄면의 박리가 없어야 한다. | R77: - | S77: - | T77: 3
P78: 내후성 시험 | Q78: 시험편의 표면을 1/2정도 알루미늄박으로 싸고 아래 조건으로 조정한 웨터 미터(Weather Meter) 눈에서 288hr(1년 상당) 조사한다. - 합격 기준: Delta E값 2.0이하 | R78: - | S78: - | T78: 3
P79: 내세제성 시험 | Q79: 세제성 시험 후 내알콜성 시험을 하여 인쇄면의 박리가 없어야 한다. | R79: - | S79: - | T79: 3
N80: 친환경 | P80: XRF 측정 | Q80: 10대 유해물질 없을 것 (LG(10)-A-9023) | R80: - | S80: - | T80: 1 | U80: 하위 단품 측정 완료 시 Skip 가능
A81: 12 | B81: Structure Assy | C81: Packing Assembly,Gas | D81: AGG00366051 | E81: 하위 인쇄물 변경 및 외주화에 따른 품번 추가 | F81: CW | G81: 탁현빈 S | H81: SD E&T | J81: c | N81: 구조/외관 | O81: - | P81: 구조/외관 확인 | Q81: 구조/외관에 결함없을 것 (도면 확인) | R81: ● | S81: ● | T81: 5
N82: 제원 | O82: - | P82: 제원 확인 | Q82: Partlist 동일 부품 적용되어 있을 것 | R82: ● | S82: ● | T82: 1
N83: 치수 | O83: - | P83: 주요 치수 측정 | Q83: Spec에 만족할 것 (도면 확인) - 주요치수 측정 | R83: - | S83: - | T83: 3 | U83: 단품에서 치수 검증 된 부품으로 Assembly에서 치수 측정 불필요
N84: 친환경 | P84: XRF 측정 | Q84: 10대 유해물질 없을 것 (LG(10)-A-9023) | R84: - | S84: - | T84: 1 | U84: 사내 조립을 사외로 외주화 하는 내용으로 부품 변경사항 없음
A85: 13 | B85: Structure Assy | C85: Accessory Assembly,Cavity | D85: AAA31189767 | E85: 하위 인쇄물 변경 및 외주화에 따른 품번 추가 | F85: CW | G85: 탁현빈 S | H85: SD E&T | J85: c | N85: 구조/외관 | O85: - | P85: 구조/외관 확인 | Q85: 구조/외관에 결함없을 것 (도면 확인) | R85: ● | S85: ● | T85: 5
N86: 제원 | O86: - | P86: 제원 확인 | Q86: Partlist 동일 부품 적용되어 있을 것 | R86: ● | S86: ● | T86: 1
N87: 치수 | O87: - | P87: 주요 치수 측정 | Q87: Spec에 만족할 것 (도면 확인) - 주요치수 측정 | R87: - | S87: - | T87: 3 | U87: 단품에서 치수 검증 된 부품으로 Assembly에서 치수 측정 불필요
N88: 친환경 | P88: XRF 측정 | Q88: 10대 유해물질 없을 것 (LG(10)-A-9023) | R88: - | S88: - | T88: 1 | U88: 사내 조립을 사외로 외주화 하는 내용으로 부품 변경사항 없음
A89: 14 | B89: Structure Assy | C89: Door,Parts Assembly,SVC | D89: AGM75509826 | E89: 하위 변경에 따른 품번 추가 | F89: CW | G89: 탁현빈 S | H89: 기미전자 | J89: c | N89: 구조/외관 | O89: - | P89: 구조/외관 확인 | Q89: 구조/외관에 결함없을 것 (도면 확인) - 3F 주기 등 도면 기준 만족할 것 | R89: ● | S89: ● | T89: 5
N90: 제원 | O90: - | P90: 제원 확인 | Q90: 도면 만족할 것 | R90: ● | S90: ● | T90: 1
N91: 치수 | O91: - | P91: 치수 | Q91: 도면 치수 만족할 것 | R91: ● | S91: ● | T91: 3 | U91: 관리 치수 없을 시 Skip 가능
N92: 성능 | P92: 냉열 Cycle 시험 | Q92: 60℃ 항온조 8시간, -20℃ 항온조 8시간을 1 Cycle로 해 5 Cycle 실시 후 이상 없을 것. | R92: - | S92: - | T92: 3 | U92: Base 대비 소재 변경사항 없으므로 Skip
P93: 열변형시험 | Q93: 130℃ Chamber에 2시간 경과 후 변형이 없을것. -Glass 휨, 파손 및 Sealing부 떨어짐 현상이 없을 것. | R93: - | S93: - | T93: 3
N94: 친환경 | P94: XRF 측정 | Q94: 10대 유해물질 없을 것 (LG(10)-A-9023) | R94: - | S94: - | T94: 1 | U94: 하위 단품 측정 완료 시 Skip 가능
